tipo,case_id,card_id,expected_action,card_text,vazquez_comment,motivo
vitales,PROC_INF_MENINGITIS_BACTERIAL_001_001,init_vitals,discard,"TA 110/70 mmHg, FC 105 lpm, Temp 39.4°C","Navarro: No te detengas en estos signos de fiebre, R1. El reloj no se detiene.",Vitales anormales (T 39.4) marcados como descarte
vitales,PROC_INF_MENINGITIS_BACTERIAL_001_002,init_vitals,discard,"TA 110/70 mmHg, FC 105 lpm, Temp 39.4°C","Navarro: No te detengas en estos signos de fiebre, R1. El reloj no se detiene.",Vitales anormales (T 39.4) marcados como descarte
vitales,PROC_INF_MENINGITIS_BACTERIAL_001_003,init_vitals,discard,"TA 110/70 mmHg, FC 105 lpm, Temp 39.4°C","Navarro: No te detengas en estos signos de fiebre, R1. El reloj no se detiene.",Vitales anormales (T 39.4) marcados como descarte
vitales,PROC_INF_MENINGITIS_BACTERIAL_001_004,init_vitals,discard,"TA 110/70 mmHg, FC 105 lpm, Temp 39.4°C","Navarro: No te detengas en estos signos de fiebre, R1. El reloj no se detiene.",Vitales anormales (T 39.4) marcados como descarte
vitales,PROC_INF_MENINGITIS_BACTERIAL_001_005,init_vitals,discard,"TA 110/70 mmHg, FC 105 lpm, Temp 39.4°C","Navarro: No te detengas en estos signos de fiebre, R1. El reloj no se detiene.",Vitales anormales (T 39.4) marcados como descarte
vitales,PROC_INF_MENINGITIS_BACTERIAL_001_006,init_vitals,discard,"TA 110/70 mmHg, FC 105 lpm, Temp 39.4°C","Navarro: No te detengas en estos signos de fiebre, R1. El reloj no se detiene.",Vitales anormales (T 39.4) marcados como descarte
vitales,PROC_INF_MENINGITIS_BACTERIAL_001_007,init_vitals,discard,"TA 110/70 mmHg, FC 105 lpm, Temp 39.4°C","Navarro: No te detengas en estos signos de fiebre, R1. El reloj no se detiene.",Vitales anormales (T 39.4) marcados como descarte
vitales,PROC_INF_MENINGITIS_BACTERIAL_001_008,init_vitals,discard,"TA 110/70 mmHg, FC 105 lpm, Temp 39.4°C","Navarro: No te detengas en estos signos de fiebre, R1. El reloj no se detiene.",Vitales anormales (T 39.4) marcados como descarte
vitales,PROC_INF_MENINGITIS_BACTERIAL_001_009,init_vitals,discard,"TA 110/70 mmHg, FC 105 lpm, Temp 39.4°C","Navarro: No te detengas en estos signos de fiebre, R1. El reloj no se detiene.",Vitales anormales (T 39.4) marcados como descarte
vitales,PROC_INF_MENINGITIS_BACTERIAL_001_010,init_vitals,discard,"TA 110/70 mmHg, FC 105 lpm, Temp 39.4°C","Navarro: No te detengas en estos signos de fiebre, R1. El reloj no se detiene.",Vitales anormales (T 39.4) marcados como descarte
vitales,PROC_INF_MENINGITIS_BACTERIAL_001_011,init_vitals,discard,"TA 110/70 mmHg, FC 105 lpm, Temp 39.4°C","Navarro: No te detengas en estos signos de fiebre, R1. El reloj no se detiene.",Vitales anormales (T 39.4) marcados como descarte
vitales,PROC_INF_MENINGITIS_BACTERIAL_001_012,init_vitals,discard,"TA 110/70 mmHg, FC 105 lpm, Temp 39.4°C","Navarro: No te detengas en estos signos de fiebre, R1. El reloj no se detiene.",Vitales anormales (T 39.4) marcados como descarte
vitales,PROC_INF_MENINGITIS_BACTERIAL_001_013,init_vitals,discard,"TA 110/70 mmHg, FC 105 lpm, Temp 39.4°C","Navarro: No te detengas en estos signos de fiebre, R1. El reloj no se detiene.",Vitales anormales (T 39.4) marcados como descarte
vitales,PROC_INF_MENINGITIS_BACTERIAL_001_014,init_vitals,discard,"TA 110/70 mmHg, FC 105 lpm, Temp 39.4°C","Navarro: No te detengas en estos signos de fiebre, R1. El reloj no se detiene.",Vitales anormales (T 39.4) marcados como descarte
vitales,PROC_INF_MENINGITIS_BACTERIAL_001_015,init_vitals,discard,"TA 110/70 mmHg, FC 105 lpm, Temp 39.4°C","Navarro: No te detengas en estos signos de fiebre, R1. El reloj no se detiene.",Vitales anormales (T 39.4) marcados como descarte
vitales,PROC_INF_SEPSIS_SOFA_001_001,init_vitals,discard,"TA 85/50 mmHg, FC 115 lpm, Temp 39.0°C","Navarro: No te detengas en estos signos de hipotensión/choque, R1. El reloj no se detiene.","Vitales anormales (TAS 85, T 39.0) marcados como descarte"
vitales,PROC_INF_SEPSIS_SOFA_001_002,init_vitals,discard,"TA 85/50 mmHg, FC 115 lpm, Temp 39.0°C","Navarro: No te detengas en estos signos de hipotensión/choque, R1. El reloj no se detiene.","Vitales anormales (TAS 85, T 39.0) marcados como descarte"
vitales,PROC_INF_SEPSIS_SOFA_001_003,init_vitals,discard,"TA 85/50 mmHg, FC 115 lpm, Temp 39.0°C","Navarro: No te detengas en estos signos de hipotensión/choque, R1. El reloj no se detiene.","Vitales anormales (TAS 85, T 39.0) marcados como descarte"
vitales,PROC_INF_SEPSIS_SOFA_001_004,init_vitals,discard,"TA 85/50 mmHg, FC 115 lpm, Temp 39.0°C","Navarro: No te detengas en estos signos de hipotensión/choque, R1. El reloj no se detiene.","Vitales anormales (TAS 85, T 39.0) marcados como descarte"
vitales,PROC_INF_SEPSIS_SOFA_001_005,init_vitals,discard,"TA 85/50 mmHg, FC 115 lpm, Temp 39.0°C","Navarro: No te detengas en estos signos de hipotensión/choque, R1. El reloj no se detiene.","Vitales anormales (TAS 85, T 39.0) marcados como descarte"
vitales,PROC_INF_SEPSIS_SOFA_001_006,init_vitals,discard,"TA 85/50 mmHg, FC 115 lpm, Temp 39.0°C","Navarro: No te detengas en estos signos de hipotensión/choque, R1. El reloj no se detiene.","Vitales anormales (TAS 85, T 39.0) marcados como descarte"
vitales,PROC_INF_SEPSIS_SOFA_001_007,init_vitals,discard,"TA 85/50 mmHg, FC 115 lpm, Temp 39.0°C","Navarro: No te detengas en estos signos de hipotensión/choque, R1. El reloj no se detiene.","Vitales anormales (TAS 85, T 39.0) marcados como descarte"
vitales,PROC_INF_SEPSIS_SOFA_001_008,init_vitals,discard,"TA 85/50 mmHg, FC 115 lpm, Temp 39.0°C","Navarro: No te detengas en estos signos de hipotensión/choque, R1. El reloj no se detiene.","Vitales anormales (TAS 85, T 39.0) marcados como descarte"
vitales,PROC_INF_SEPSIS_SOFA_001_009,init_vitals,discard,"TA 85/50 mmHg, FC 115 lpm, Temp 39.0°C","Navarro: No te detengas en estos signos de hipotensión/choque, R1. El reloj no se detiene.","Vitales anormales (TAS 85, T 39.0) marcados como descarte"
vitales,PROC_INF_SEPSIS_SOFA_001_010,init_vitals,discard,"TA 85/50 mmHg, FC 115 lpm, Temp 39.0°C","Navarro: No te detengas en estos signos de hipotensión/choque, R1. El reloj no se detiene.","Vitales anormales (TAS 85, T 39.0) marcados como descarte"
vitales,PROC_INF_SEPSIS_SOFA_001_011,init_vitals,discard,"TA 85/50 mmHg, FC 115 lpm, Temp 39.0°C","Navarro: No te detengas en estos signos de hipotensión/choque, R1. El reloj no se detiene.","Vitales anormales (TAS 85, T 39.0) marcados como descarte"
vitales,PROC_INF_SEPSIS_SOFA_001_012,init_vitals,discard,"TA 85/50 mmHg, FC 115 lpm, Temp 39.0°C","Navarro: No te detengas en estos signos de hipotensión/choque, R1. El reloj no se detiene.","Vitales anormales (TAS 85, T 39.0) marcados como descarte"
vitales,PROC_INF_SEPSIS_SOFA_001_013,init_vitals,discard,"TA 85/50 mmHg, FC 115 lpm, Temp 39.0°C","Navarro: No te detengas en estos signos de hipotensión/choque, R1. El reloj no se detiene.","Vitales anormales (TAS 85, T 39.0) marcados como descarte"
vitales,PROC_INF_SEPSIS_SOFA_001_014,init_vitals,discard,"TA 85/50 mmHg, FC 115 lpm, Temp 39.0°C","Navarro: No te detengas en estos signos de hipotensión/choque, R1. El reloj no se detiene.","Vitales anormales (TAS 85, T 39.0) marcados como descarte"
vitales,PROC_INF_SEPSIS_SOFA_001_015,init_vitals,discard,"TA 85/50 mmHg, FC 115 lpm, Temp 39.0°C","Navarro: No te detengas en estos signos de hipotensión/choque, R1. El reloj no se detiene.","Vitales anormales (TAS 85, T 39.0) marcados como descarte"
vitales,PROC_OBG_HEMORRHAGE_HPP_001_001,init_vitals,discard,"TA 85/50 mmHg, FC 125 lpm (Datos de Choque Hipovolémico), SatO2 94%.","Felicidades, encontraste un dato irrelevante. Lástima que el paciente sigue enfermo.",Vitales anormales (TAS 85) marcados como descarte
contradiccion,PROC_OBG_HEMORRHAGE_HPP_001_002,init_vitals,discard,"TA 85/50 mmHg, FC 125 lpm (Datos de Choque Hipovolémico), SatO2 94%.",Vázquez: Elena se está descompensando. Activa el Código Mater de inmediato.,Carta de descarte cuyo comentario pide actuar: ¿debería ser 'keep'?
vitales,PROC_OBG_HEMORRHAGE_HPP_001_002,init_vitals,discard,"TA 85/50 mmHg, FC 125 lpm (Datos de Choque Hipovolémico), SatO2 94%.",Vázquez: Elena se está descompensando. Activa el Código Mater de inmediato.,Vitales anormales (TAS 85) marcados como descarte
contradiccion,PROC_OBG_HEMORRHAGE_HPP_001_003,init_vitals,discard,"TA 85/50 mmHg, FC 125 lpm (Datos de Choque Hipovolémico), SatO2 94%.",Vázquez: Elena se está descompensando. Activa el Código Mater de inmediato.,Carta de descarte cuyo comentario pide actuar: ¿debería ser 'keep'?
vitales,PROC_OBG_HEMORRHAGE_HPP_001_003,init_vitals,discard,"TA 85/50 mmHg, FC 125 lpm (Datos de Choque Hipovolémico), SatO2 94%.",Vázquez: Elena se está descompensando. Activa el Código Mater de inmediato.,Vitales anormales (TAS 85) marcados como descarte
contradiccion,PROC_OBG_HEMORRHAGE_HPP_001_004,init_vitals,discard,"TA 85/50 mmHg, FC 125 lpm (Datos de Choque Hipovolémico), SatO2 94%.",Vázquez: Elena se está descompensando. Activa el Código Mater de inmediato.,Carta de descarte cuyo comentario pide actuar: ¿debería ser 'keep'?
vitales,PROC_OBG_HEMORRHAGE_HPP_001_004,init_vitals,discard,"TA 85/50 mmHg, FC 125 lpm (Datos de Choque Hipovolémico), SatO2 94%.",Vázquez: Elena se está descompensando. Activa el Código Mater de inmediato.,Vitales anormales (TAS 85) marcados como descarte
contradiccion,PROC_OBG_HEMORRHAGE_HPP_001_005,init_vitals,discard,"TA 85/50 mmHg, FC 125 lpm (Datos de Choque Hipovolémico), SatO2 94%.",Vázquez: Elena se está descompensando. Activa el Código Mater de inmediato.,Carta de descarte cuyo comentario pide actuar: ¿debería ser 'keep'?
vitales,PROC_OBG_HEMORRHAGE_HPP_001_005,init_vitals,discard,"TA 85/50 mmHg, FC 125 lpm (Datos de Choque Hipovolémico), SatO2 94%.",Vázquez: Elena se está descompensando. Activa el Código Mater de inmediato.,Vitales anormales (TAS 85) marcados como descarte
vitales,PROC_OBS_HEM_ECTOPIC_001_001,init_vitals,discard,"TA 80/40 mmHg, FC 120 lpm, Temp 36.2°C","Castillo: No te detengas en estos signos de hipotensión/choque, R1. El reloj no se detiene.",Vitales anormales (TAS 80) marcados como descarte
vitales,PROC_OBS_HEM_ECTOPIC_001_002,init_vitals,discard,"TA 80/40 mmHg, FC 120 lpm, Temp 36.2°C","Castillo: No te detengas en estos signos de hipotensión/choque, R1. El reloj no se detiene.",Vitales anormales (TAS 80) marcados como descarte
vitales,PROC_OBS_HEM_ECTOPIC_001_003,init_vitals,discard,"TA 80/40 mmHg, FC 120 lpm, Temp 36.2°C","Castillo: No te detengas en estos signos de hipotensión/choque, R1. El reloj no se detiene.",Vitales anormales (TAS 80) marcados como descarte
vitales,PROC_OBS_HEM_ECTOPIC_001_004,init_vitals,discard,"TA 80/40 mmHg, FC 120 lpm, Temp 36.2°C","Castillo: No te detengas en estos signos de hipotensión/choque, R1. El reloj no se detiene.",Vitales anormales (TAS 80) marcados como descarte
vitales,PROC_OBS_HEM_ECTOPIC_001_005,init_vitals,discard,"TA 80/40 mmHg, FC 120 lpm, Temp 36.2°C","Castillo: No te detengas en estos signos de hipotensión/choque, R1. El reloj no se detiene.",Vitales anormales (TAS 80) marcados como descarte
vitales,PROC_OBS_HEM_ECTOPIC_001_006,init_vitals,discard,"TA 80/40 mmHg, FC 120 lpm, Temp 36.2°C","Castillo: No te detengas en estos signos de hipotensión/choque, R1. El reloj no se detiene.",Vitales anormales (TAS 80) marcados como descarte
vitales,PROC_OBS_HEM_ECTOPIC_001_007,init_vitals,discard,"TA 80/40 mmHg, FC 120 lpm, Temp 36.2°C","Castillo: No te detengas en estos signos de hipotensión/choque, R1. El reloj no se detiene.",Vitales anormales (TAS 80) marcados como descarte
vitales,PROC_OBS_HEM_ECTOPIC_001_008,init_vitals,discard,"TA 80/40 mmHg, FC 120 lpm, Temp 36.2°C","Castillo: No te detengas en estos signos de hipotensión/choque, R1. El reloj no se detiene.",Vitales anormales (TAS 80) marcados como descarte
vitales,PROC_OBS_HEM_ECTOPIC_001_009,init_vitals,discard,"TA 80/40 mmHg, FC 120 lpm, Temp 36.2°C","Castillo: No te detengas en estos signos de hipotensión/choque, R1. El reloj no se detiene.",Vitales anormales (TAS 80) marcados como descarte
vitales,PROC_OBS_HEM_ECTOPIC_001_010,init_vitals,discard,"TA 80/40 mmHg, FC 120 lpm, Temp 36.2°C","Castillo: No te detengas en estos signos de hipotensión/choque, R1. El reloj no se detiene.",Vitales anormales (TAS 80) marcados como descarte
vitales,PROC_OBS_HEM_ECTOPIC_001_011,init_vitals,discard,"TA 80/40 mmHg, FC 120 lpm, Temp 36.2°C","Castillo: No te detengas en estos signos de hipotensión/choque, R1. El reloj no se detiene.",Vitales anormales (TAS 80) marcados como descarte
vitales,PROC_OBS_HEM_ECTOPIC_001_012,init_vitals,discard,"TA 80/40 mmHg, FC 120 lpm, Temp 36.2°C","Castillo: No te detengas en estos signos de hipotensión/choque, R1. El reloj no se detiene.",Vitales anormales (TAS 80) marcados como descarte
vitales,PROC_OBS_HEM_ECTOPIC_001_013,init_vitals,discard,"TA 80/40 mmHg, FC 120 lpm, Temp 36.2°C","Castillo: No te detengas en estos signos de hipotensión/choque, R1. El reloj no se detiene.",Vitales anormales (TAS 80) marcados como descarte
vitales,PROC_OBS_HEM_ECTOPIC_001_014,init_vitals,discard,"TA 80/40 mmHg, FC 120 lpm, Temp 36.2°C","Castillo: No te detengas en estos signos de hipotensión/choque, R1. El reloj no se detiene.",Vitales anormales (TAS 80) marcados como descarte
vitales,PROC_OBS_HEM_ECTOPIC_001_015,init_vitals,discard,"TA 80/40 mmHg, FC 120 lpm, Temp 36.2°C","Castillo: No te detengas en estos signos de hipotensión/choque, R1. El reloj no se detiene.",Vitales anormales (TAS 80) marcados como descarte
vitales,PROC_PED_EXANT_MEASLES_001_001,init_vitals,discard,"FC 120 lpm, Temp 39.5°C","Castillo: No te detengas en estos signos de taquicardia, R1. El reloj no se detiene.",Vitales anormales (T 39.5) marcados como descarte
vitales,PROC_PED_EXANT_MEASLES_001_002,init_vitals,discard,"FC 120 lpm, Temp 39.5°C","Castillo: No te detengas en estos signos de taquicardia, R1. El reloj no se detiene.",Vitales anormales (T 39.5) marcados como descarte
vitales,PROC_PED_EXANT_MEASLES_001_003,init_vitals,discard,"FC 120 lpm, Temp 39.5°C","Castillo: No te detengas en estos signos de taquicardia, R1. El reloj no se detiene.",Vitales anormales (T 39.5) marcados como descarte
vitales,PROC_PED_EXANT_MEASLES_001_004,init_vitals,discard,"FC 120 lpm, Temp 39.5°C","Castillo: No te detengas en estos signos de taquicardia, R1. El reloj no se detiene.",Vitales anormales (T 39.5) marcados como descarte
vitales,PROC_PED_EXANT_MEASLES_001_005,init_vitals,discard,"FC 120 lpm, Temp 39.5°C","Castillo: No te detengas en estos signos de taquicardia, R1. El reloj no se detiene.",Vitales anormales (T 39.5) marcados como descarte
vitales,PROC_PED_EXANT_MEASLES_001_006,init_vitals,discard,"FC 120 lpm, Temp 39.5°C","Castillo: No te detengas en estos signos de taquicardia, R1. El reloj no se detiene.",Vitales anormales (T 39.5) marcados como descarte
vitales,PROC_PED_EXANT_MEASLES_001_007,init_vitals,discard,"FC 120 lpm, Temp 39.5°C","Castillo: No te detengas en estos signos de taquicardia, R1. El reloj no se detiene.",Vitales anormales (T 39.5) marcados como descarte
vitales,PROC_PED_EXANT_MEASLES_001_008,init_vitals,discard,"FC 120 lpm, Temp 39.5°C","Castillo: No te detengas en estos signos de taquicardia, R1. El reloj no se detiene.",Vitales anormales (T 39.5) marcados como descarte
vitales,PROC_PED_EXANT_MEASLES_001_009,init_vitals,discard,"FC 120 lpm, Temp 39.5°C","Castillo: No te detengas en estos signos de taquicardia, R1. El reloj no se detiene.",Vitales anormales (T 39.5) marcados como descarte
vitales,PROC_PED_EXANT_MEASLES_001_010,init_vitals,discard,"FC 120 lpm, Temp 39.5°C","Castillo: No te detengas en estos signos de taquicardia, R1. El reloj no se detiene.",Vitales anormales (T 39.5) marcados como descarte
vitales,PROC_PED_EXANT_MEASLES_001_011,init_vitals,discard,"FC 120 lpm, Temp 39.5°C","Castillo: No te detengas en estos signos de taquicardia, R1. El reloj no se detiene.",Vitales anormales (T 39.5) marcados como descarte
vitales,PROC_PED_EXANT_MEASLES_001_012,init_vitals,discard,"FC 120 lpm, Temp 39.5°C","Castillo: No te detengas en estos signos de taquicardia, R1. El reloj no se detiene.",Vitales anormales (T 39.5) marcados como descarte
vitales,PROC_PED_EXANT_MEASLES_001_013,init_vitals,discard,"FC 120 lpm, Temp 39.5°C","Castillo: No te detengas en estos signos de taquicardia, R1. El reloj no se detiene.",Vitales anormales (T 39.5) marcados como descarte
vitales,PROC_PED_EXANT_MEASLES_001_014,init_vitals,discard,"FC 120 lpm, Temp 39.5°C","Castillo: No te detengas en estos signos de taquicardia, R1. El reloj no se detiene.",Vitales anormales (T 39.5) marcados como descarte
vitales,PROC_PED_EXANT_MEASLES_001_015,init_vitals,discard,"FC 120 lpm, Temp 39.5°C","Castillo: No te detengas en estos signos de taquicardia, R1. El reloj no se detiene.",Vitales anormales (T 39.5) marcados como descarte
vitales,PROC_PED_EXANT_ROSEOLA_001_001,init_vitals,discard,"FC 130 lpm (durante fiebre), Temp 36.6°C (post-fiebre)","Castillo: No te detengas en estos signos de taquicardia, R1. El reloj no se detiene.",Vitales anormales (FC 130) marcados como descarte
vitales,PROC_PED_EXANT_ROSEOLA_001_002,init_vitals,discard,"FC 130 lpm (durante fiebre), Temp 36.6°C (post-fiebre)","Castillo: No te detengas en estos signos de taquicardia, R1. El reloj no se detiene.",Vitales anormales (FC 130) marcados como descarte
vitales,PROC_PED_EXANT_ROSEOLA_001_003,init_vitals,discard,"FC 130 lpm (durante fiebre), Temp 36.6°C (post-fiebre)","Castillo: No te detengas en estos signos de taquicardia, R1. El reloj no se detiene.",Vitales anormales (FC 130) marcados como descarte
vitales,PROC_PED_EXANT_ROSEOLA_001_004,init_vitals,discard,"FC 130 lpm (durante fiebre), Temp 36.6°C (post-fiebre)","Castillo: No te detengas en estos signos de taquicardia, R1. El reloj no se detiene.",Vitales anormales (FC 130) marcados como descarte
vitales,PROC_PED_EXANT_ROSEOLA_001_005,init_vitals,discard,"FC 130 lpm (durante fiebre), Temp 36.6°C (post-fiebre)","Castillo: No te detengas en estos signos de taquicardia, R1. El reloj no se detiene.",Vitales anormales (FC 130) marcados como descarte
vitales,PROC_PED_EXANT_ROSEOLA_001_006,init_vitals,discard,"FC 130 lpm (durante fiebre), Temp 36.6°C (post-fiebre)","Castillo: No te detengas en estos signos de taquicardia, R1. El reloj no se detiene.",Vitales anormales (FC 130) marcados como descarte
vitales,PROC_PED_EXANT_ROSEOLA_001_007,init_vitals,discard,"FC 130 lpm (durante fiebre), Temp 36.6°C (post-fiebre)","Castillo: No te detengas en estos signos de taquicardia, R1. El reloj no se detiene.",Vitales anormales (FC 130) marcados como descarte
vitales,PROC_PED_EXANT_ROSEOLA_001_008,init_vitals,discard,"FC 130 lpm (durante fiebre), Temp 36.6°C (post-fiebre)","Castillo: No te detengas en estos signos de taquicardia, R1. El reloj no se detiene.",Vitales anormales (FC 130) marcados como descarte
vitales,PROC_PED_EXANT_ROSEOLA_001_009,init_vitals,discard,"FC 130 lpm (durante fiebre), Temp 36.6°C (post-fiebre)","Castillo: No te detengas en estos signos de taquicardia, R1. El reloj no se detiene.",Vitales anormales (FC 130) marcados como descarte
vitales,PROC_PED_EXANT_ROSEOLA_001_010,init_vitals,discard,"FC 130 lpm (durante fiebre), Temp 36.6°C (post-fiebre)","Castillo: No te detengas en estos signos de taquicardia, R1. El reloj no se detiene.",Vitales anormales (FC 130) marcados como descarte
vitales,PROC_PED_EXANT_ROSEOLA_001_011,init_vitals,discard,"FC 130 lpm (durante fiebre), Temp 36.6°C (post-fiebre)","Castillo: No te detengas en estos signos de taquicardia, R1. El reloj no se detiene.",Vitales anormales (FC 130) marcados como descarte
vitales,PROC_PED_EXANT_ROSEOLA_001_012,init_vitals,discard,"FC 130 lpm (durante fiebre), Temp 36.6°C (post-fiebre)","Castillo: No te detengas en estos signos de taquicardia, R1. El reloj no se detiene.",Vitales anormales (FC 130) marcados como descarte
vitales,PROC_PED_EXANT_ROSEOLA_001_013,init_vitals,discard,"FC 130 lpm (durante fiebre), Temp 36.6°C (post-fiebre)","Castillo: No te detengas en estos signos de taquicardia, R1. El reloj no se detiene.",Vitales anormales (FC 130) marcados como descarte
vitales,PROC_PED_EXANT_ROSEOLA_001_014,init_vitals,discard,"FC 130 lpm (durante fiebre), Temp 36.6°C (post-fiebre)","Castillo: No te detengas en estos signos de taquicardia, R1. El reloj no se detiene.",Vitales anormales (FC 130) marcados como descarte
vitales,PROC_PED_EXANT_ROSEOLA_001_015,init_vitals,discard,"FC 130 lpm (durante fiebre), Temp 36.6°C (post-fiebre)","Castillo: No te detengas en estos signos de taquicardia, R1. El reloj no se detiene.",Vitales anormales (FC 130) marcados como descarte
vitales,PROC_PED_EXANT_SCARLET_001_001,init_vitals,discard,"FC 110 lpm, Temp 39.0°C","Castillo: No te detengas en estos signos de taquicardia, R1. El reloj no se detiene.",Vitales anormales (T 39.0) marcados como descarte
vitales,PROC_PED_EXANT_SCARLET_001_002,init_vitals,discard,"FC 110 lpm, Temp 39.0°C","Castillo: No te detengas en estos signos de taquicardia, R1. El reloj no se detiene.",Vitales anormales (T 39.0) marcados como descarte
vitales,PROC_PED_EXANT_SCARLET_001_003,init_vitals,discard,"FC 110 lpm, Temp 39.0°C","Castillo: No te detengas en estos signos de taquicardia, R1. El reloj no se detiene.",Vitales anormales (T 39.0) marcados como descarte
vitales,PROC_PED_EXANT_SCARLET_001_004,init_vitals,discard,"FC 110 lpm, Temp 39.0°C","Castillo: No te detengas en estos signos de taquicardia, R1. El reloj no se detiene.",Vitales anormales (T 39.0) marcados como descarte
vitales,PROC_PED_EXANT_SCARLET_001_005,init_vitals,discard,"FC 110 lpm, Temp 39.0°C","Castillo: No te detengas en estos signos de taquicardia, R1. El reloj no se detiene.",Vitales anormales (T 39.0) marcados como descarte
vitales,PROC_PED_EXANT_SCARLET_001_006,init_vitals,discard,"FC 110 lpm, Temp 39.0°C","Castillo: No te detengas en estos signos de taquicardia, R1. El reloj no se detiene.",Vitales anormales (T 39.0) marcados como descarte
vitales,PROC_PED_EXANT_SCARLET_001_007,init_vitals,discard,"FC 110 lpm, Temp 39.0°C","Castillo: No te detengas en estos signos de taquicardia, R1. El reloj no se detiene.",Vitales anormales (T 39.0) marcados como descarte
vitales,PROC_PED_EXANT_SCARLET_001_008,init_vitals,discard,"FC 110 lpm, Temp 39.0°C","Castillo: No te detengas en estos signos de taquicardia, R1. El reloj no se detiene.",Vitales anormales (T 39.0) marcados como descarte
vitales,PROC_PED_EXANT_SCARLET_001_009,init_vitals,discard,"FC 110 lpm, Temp 39.0°C","Castillo: No te detengas en estos signos de taquicardia, R1. El reloj no se detiene.",Vitales anormales (T 39.0) marcados como descarte
vitales,PROC_PED_EXANT_SCARLET_001_010,init_vitals,discard,"FC 110 lpm, Temp 39.0°C","Castillo: No te detengas en estos signos de taquicardia, R1. El reloj no se detiene.",Vitales anormales (T 39.0) marcados como descarte
vitales,PROC_PED_EXANT_SCARLET_001_011,init_vitals,discard,"FC 110 lpm, Temp 39.0°C","Castillo: No te detengas en estos signos de taquicardia, R1. El reloj no se detiene.",Vitales anormales (T 39.0) marcados como descarte
vitales,PROC_PED_EXANT_SCARLET_001_012,init_vitals,discard,"FC 110 lpm, Temp 39.0°C","Castillo: No te detengas en estos signos de taquicardia, R1. El reloj no se detiene.",Vitales anormales (T 39.0) marcados como descarte
vitales,PROC_PED_EXANT_SCARLET_001_013,init_vitals,discard,"FC 110 lpm, Temp 39.0°C","Castillo: No te detengas en estos signos de taquicardia, R1. El reloj no se detiene.",Vitales anormales (T 39.0) marcados como descarte
vitales,PROC_PED_EXANT_SCARLET_001_014,init_vitals,discard,"FC 110 lpm, Temp 39.0°C","Castillo: No te detengas en estos signos de taquicardia, R1. El reloj no se detiene.",Vitales anormales (T 39.0) marcados como descarte
vitales,PROC_PED_EXANT_SCARLET_001_015,init_vitals,discard,"FC 110 lpm, Temp 39.0°C","Castillo: No te detengas en estos signos de taquicardia, R1. El reloj no se detiene.",Vitales anormales (T 39.0) marcados como descarte
contradiccion,PROC_PED_GAST_DEHYDRATION_001_001,init_vitals,discard,"FC 180 lpm (Taquicardia severa), FR 35 rpm, Temp 37.0 C, TA 70/40 mmHg (Sugerente de Choque).",Navarro: Urgente! El paciente esta en estado de choque hipovolemico. Plan C inmediato.,Carta de descarte cuyo comentario pide actuar: ¿debería ser 'keep'?
vitales,PROC_PED_GAST_DEHYDRATION_001_001,init_vitals,discard,"FC 180 lpm (Taquicardia severa), FR 35 rpm, Temp 37.0 C, TA 70/40 mmHg (Sugerente de Choque).",Navarro: Urgente! El paciente esta en estado de choque hipovolemico. Plan C inmediato.,"Vitales anormales (TAS 70, FC 180) marcados como descarte"
contradiccion,PROC_PED_GAST_DEHYDRATION_001_002,init_vitals,discard,"FC 135 lpm (Taquicardia moderada), FR 28 rpm, Temp 37.5 C, TA 105/65 mmHg (Normal-Baja).",Navarro: Atencion! El paciente presenta deshidratacion moderada. Inicia Plan B de Rehidratacion Oral supervisada.,Carta de descarte cuyo comentario pide actuar: ¿debería ser 'keep'?
vitales,PROC_PED_GAST_DEHYDRATION_001_002,init_vitals,discard,"FC 135 lpm (Taquicardia moderada), FR 28 rpm, Temp 37.5 C, TA 105/65 mmHg (Normal-Baja).",Navarro: Atencion! El paciente presenta deshidratacion moderada. Inicia Plan B de Rehidratacion Oral supervisada.,Vitales anormales (FC 135) marcados como descarte
contradiccion,PROC_PED_GAST_DEHYDRATION_001_004,init_vitals,discard,"FC 180 lpm (Taquicardia severa), FR 35 rpm, Temp 37.0 C, TA 70/40 mmHg (Sugerente de Choque).",Navarro: Urgente! El paciente esta en estado de choque hipovolemico. Plan C inmediato.,Carta de descarte cuyo comentario pide actuar: ¿debería ser 'keep'?
vitales,PROC_PED_GAST_DEHYDRATION_001_004,init_vitals,discard,"FC 180 lpm (Taquicardia severa), FR 35 rpm, Temp 37.0 C, TA 70/40 mmHg (Sugerente de Choque).",Navarro: Urgente! El paciente esta en estado de choque hipovolemico. Plan C inmediato.,"Vitales anormales (TAS 70, FC 180) marcados como descarte"
contradiccion,PROC_PED_GAST_DEHYDRATION_001_005,init_vitals,discard,"FC 135 lpm (Taquicardia moderada), FR 28 rpm, Temp 37.5 C, TA 105/65 mmHg (Normal-Baja).",Navarro: Atencion! El paciente presenta deshidratacion moderada. Inicia Plan B de Rehidratacion Oral supervisada.,Carta de descarte cuyo comentario pide actuar: ¿debería ser 'keep'?
vitales,PROC_PED_GAST_DEHYDRATION_001_005,init_vitals,discard,"FC 135 lpm (Taquicardia moderada), FR 28 rpm, Temp 37.5 C, TA 105/65 mmHg (Normal-Baja).",Navarro: Atencion! El paciente presenta deshidratacion moderada. Inicia Plan B de Rehidratacion Oral supervisada.,Vitales anormales (FC 135) marcados como descarte
contradiccion,PROC_PED_GIT_DEHYDRATION_001_001,init_vitals,discard,"FC 180 lpm (Taquicardia severa), FR 35 rpm, Temp 37.0 C, TA 70/40 mmHg (Sugerente de Choque).",Navarro: Urgente! El paciente esta en estado de choque hipovolemico. Plan C inmediato.,Carta de descarte cuyo comentario pide actuar: ¿debería ser 'keep'?
vitales,PROC_PED_GIT_DEHYDRATION_001_001,init_vitals,discard,"FC 180 lpm (Taquicardia severa), FR 35 rpm, Temp 37.0 C, TA 70/40 mmHg (Sugerente de Choque).",Navarro: Urgente! El paciente esta en estado de choque hipovolemico. Plan C inmediato.,"Vitales anormales (TAS 70, FC 180) marcados como descarte"
contradiccion,PROC_PED_GIT_DEHYDRATION_001_002,init_vitals,discard,"FC 135 lpm (Taquicardia moderada), FR 28 rpm, Temp 37.5 C, TA 105/65 mmHg (Normal-Baja).",Navarro: Atencion! El paciente presenta deshidratacion moderada. Inicia Plan B de Rehidratacion Oral supervisada.,Carta de descarte cuyo comentario pide actuar: ¿debería ser 'keep'?
vitales,PROC_PED_GIT_DEHYDRATION_001_002,init_vitals,discard,"FC 135 lpm (Taquicardia moderada), FR 28 rpm, Temp 37.5 C, TA 105/65 mmHg (Normal-Baja).",Navarro: Atencion! El paciente presenta deshidratacion moderada. Inicia Plan B de Rehidratacion Oral supervisada.,Vitales anormales (FC 135) marcados como descarte
contradiccion,PROC_PED_GIT_DEHYDRATION_001_004,init_vitals,discard,"FC 180 lpm (Taquicardia severa), FR 35 rpm, Temp 37.0 C, TA 70/40 mmHg (Sugerente de Choque).",Navarro: Urgente! El paciente esta en estado de choque hipovolemico. Plan C inmediato.,Carta de descarte cuyo comentario pide actuar: ¿debería ser 'keep'?
vitales,PROC_PED_GIT_DEHYDRATION_001_004,init_vitals,discard,"FC 180 lpm (Taquicardia severa), FR 35 rpm, Temp 37.0 C, TA 70/40 mmHg (Sugerente de Choque).",Navarro: Urgente! El paciente esta en estado de choque hipovolemico. Plan C inmediato.,"Vitales anormales (TAS 70, FC 180) marcados como descarte"
contradiccion,PROC_PED_GIT_DEHYDRATION_001_005,init_vitals,discard,"FC 135 lpm (Taquicardia moderada), FR 28 rpm, Temp 37.5 C, TA 105/65 mmHg (Normal-Baja).",Navarro: Atencion! El paciente presenta deshidratacion moderada. Inicia Plan B de Rehidratacion Oral supervisada.,Carta de descarte cuyo comentario pide actuar: ¿debería ser 'keep'?
vitales,PROC_PED_GIT_DEHYDRATION_001_005,init_vitals,discard,"FC 135 lpm (Taquicardia moderada), FR 28 rpm, Temp 37.5 C, TA 105/65 mmHg (Normal-Baja).",Navarro: Atencion! El paciente presenta deshidratacion moderada. Inicia Plan B de Rehidratacion Oral supervisada.,Vitales anormales (FC 135) marcados como descarte
contradiccion,PROC_PED_GIT_DEHYDRATION_001_007,init_vitals,discard,"FC 180 lpm (Taquicardia severa), FR 35 rpm, Temp 37.0 C, TA 70/40 mmHg (Sugerente de Choque).",Navarro: Urgente! El paciente esta en estado de choque hipovolemico. Plan C inmediato.,Carta de descarte cuyo comentario pide actuar: ¿debería ser 'keep'?
vitales,PROC_PED_GIT_DEHYDRATION_001_007,init_vitals,discard,"FC 180 lpm (Taquicardia severa), FR 35 rpm, Temp 37.0 C, TA 70/40 mmHg (Sugerente de Choque).",Navarro: Urgente! El paciente esta en estado de choque hipovolemico. Plan C inmediato.,"Vitales anormales (TAS 70, FC 180) marcados como descarte"
contradiccion,PROC_PED_GIT_DEHYDRATION_001_008,init_vitals,discard,"FC 135 lpm (Taquicardia moderada), FR 28 rpm, Temp 37.5 C, TA 105/65 mmHg (Normal-Baja).",Navarro: Atencion! El paciente presenta deshidratacion moderada. Inicia Plan B de Rehidratacion Oral supervisada.,Carta de descarte cuyo comentario pide actuar: ¿debería ser 'keep'?
vitales,PROC_PED_GIT_DEHYDRATION_001_008,init_vitals,discard,"FC 135 lpm (Taquicardia moderada), FR 28 rpm, Temp 37.5 C, TA 105/65 mmHg (Normal-Baja).",Navarro: Atencion! El paciente presenta deshidratacion moderada. Inicia Plan B de Rehidratacion Oral supervisada.,Vitales anormales (FC 135) marcados como descarte
contradiccion,PROC_PED_GIT_DEHYDRATION_001_010,init_vitals,discard,"FC 180 lpm (Taquicardia severa), FR 35 rpm, Temp 37.0 C, TA 70/40 mmHg (Sugerente de Choque).",Navarro: Urgente! El paciente esta en estado de choque hipovolemico. Plan C inmediato.,Carta de descarte cuyo comentario pide actuar: ¿debería ser 'keep'?
vitales,PROC_PED_GIT_DEHYDRATION_001_010,init_vitals,discard,"FC 180 lpm (Taquicardia severa), FR 35 rpm, Temp 37.0 C, TA 70/40 mmHg (Sugerente de Choque).",Navarro: Urgente! El paciente esta en estado de choque hipovolemico. Plan C inmediato.,"Vitales anormales (TAS 70, FC 180) marcados como descarte"
contradiccion,PROC_PED_GIT_DEHYDRATION_001_011,init_vitals,discard,"FC 135 lpm (Taquicardia moderada), FR 28 rpm, Temp 37.5 C, TA 105/65 mmHg (Normal-Baja).",Navarro: Atencion! El paciente presenta deshidratacion moderada. Inicia Plan B de Rehidratacion Oral supervisada.,Carta de descarte cuyo comentario pide actuar: ¿debería ser 'keep'?
vitales,PROC_PED_GIT_DEHYDRATION_001_011,init_vitals,discard,"FC 135 lpm (Taquicardia moderada), FR 28 rpm, Temp 37.5 C, TA 105/65 mmHg (Normal-Baja).",Navarro: Atencion! El paciente presenta deshidratacion moderada. Inicia Plan B de Rehidratacion Oral supervisada.,Vitales anormales (FC 135) marcados como descarte
contradiccion,PROC_PED_GIT_DEHYDRATION_001_013,init_vitals,discard,"FC 180 lpm (Taquicardia severa), FR 35 rpm, Temp 37.0 C, TA 70/40 mmHg (Sugerente de Choque).",Navarro: Urgente! El paciente esta en estado de choque hipovolemico. Plan C inmediato.,Carta de descarte cuyo comentario pide actuar: ¿debería ser 'keep'?
vitales,PROC_PED_GIT_DEHYDRATION_001_013,init_vitals,discard,"FC 180 lpm (Taquicardia severa), FR 35 rpm, Temp 37.0 C, TA 70/40 mmHg (Sugerente de Choque).",Navarro: Urgente! El paciente esta en estado de choque hipovolemico. Plan C inmediato.,"Vitales anormales (TAS 70, FC 180) marcados como descarte"
contradiccion,PROC_PED_GIT_DEHYDRATION_001_014,init_vitals,discard,"FC 135 lpm (Taquicardia moderada), FR 28 rpm, Temp 37.5 C, TA 105/65 mmHg (Normal-Baja).",Navarro: Atencion! El paciente presenta deshidratacion moderada. Inicia Plan B de Rehidratacion Oral supervisada.,Carta de descarte cuyo comentario pide actuar: ¿debería ser 'keep'?
vitales,PROC_PED_GIT_DEHYDRATION_001_014,init_vitals,discard,"FC 135 lpm (Taquicardia moderada), FR 28 rpm, Temp 37.5 C, TA 105/65 mmHg (Normal-Baja).",Navarro: Atencion! El paciente presenta deshidratacion moderada. Inicia Plan B de Rehidratacion Oral supervisada.,Vitales anormales (FC 135) marcados como descarte
vitales,PROC_PED_PYLORIC_SENOSIS_001_001,init_vitals,discard,"FC 140 lpm, Temp 36.6°C","Castillo: No te detengas en estos signos de taquicardia, R1. El reloj no se detiene.",Vitales anormales (FC 140) marcados como descarte
vitales,PROC_PED_PYLORIC_SENOSIS_001_002,init_vitals,discard,"FC 140 lpm, Temp 36.6°C","Castillo: No te detengas en estos signos de taquicardia, R1. El reloj no se detiene.",Vitales anormales (FC 140) marcados como descarte
vitales,PROC_PED_PYLORIC_SENOSIS_001_003,init_vitals,discard,"FC 140 lpm, Temp 36.6°C","Castillo: No te detengas en estos signos de taquicardia, R1. El reloj no se detiene.",Vitales anormales (FC 140) marcados como descarte
vitales,PROC_PED_PYLORIC_SENOSIS_001_004,init_vitals,discard,"FC 140 lpm, Temp 36.6°C","Castillo: No te detengas en estos signos de taquicardia, R1. El reloj no se detiene.",Vitales anormales (FC 140) marcados como descarte
vitales,PROC_PED_PYLORIC_SENOSIS_001_005,init_vitals,discard,"FC 140 lpm, Temp 36.6°C","Castillo: No te detengas en estos signos de taquicardia, R1. El reloj no se detiene.",Vitales anormales (FC 140) marcados como descarte
contradiccion,PROC_PED_RESPIRATORY_PNEUMONIA_001_001,init_vitals,discard,"FC 130 lpm, FR 45 rpm (Taquipnea), Temp 39.2°C, SatO2 91%.",Navarro: ¡Cuidado con esa saturacion! Valentina necesita atencion inmediata.,Carta de descarte cuyo comentario pide actuar: ¿debería ser 'keep'?
vitales,PROC_PED_RESPIRATORY_PNEUMONIA_001_001,init_vitals,discard,"FC 130 lpm, FR 45 rpm (Taquipnea), Temp 39.2°C, SatO2 91%.",Navarro: ¡Cuidado con esa saturacion! Valentina necesita atencion inmediata.,"Vitales anormales (FC 130, T 39.2, SatO2 91) marcados como descarte"
vacia,PROC_STATS_DX_METRICS_001_002,init_vitals,discard,"TA N/A, FC N/A, Temp N/A","Navarro: No te detengas en signos estables, R1. El reloj no se detiene.",Carta de vitales sin ningún valor (plantilla): eliminar o completar
vacia,PROC_STATS_DX_METRICS_001_003,init_vitals,discard,"TA N/A, FC N/A, Temp N/A","Navarro: No te detengas en signos estables, R1. El reloj no se detiene.",Carta de vitales sin ningún valor (plantilla): eliminar o completar
vacia,PROC_STATS_DX_METRICS_001_004,init_vitals,discard,"TA N/A, FC N/A, Temp N/A","Navarro: No te detengas en signos estables, R1. El reloj no se detiene.",Carta de vitales sin ningún valor (plantilla): eliminar o completar
vacia,PROC_STATS_DX_METRICS_001_005,init_vitals,discard,"TA N/A, FC N/A, Temp N/A","Navarro: No te detengas en signos estables, R1. El reloj no se detiene.",Carta de vitales sin ningún valor (plantilla): eliminar o completar
vacia,PROC_STATS_DX_METRICS_001_006,init_vitals,discard,"TA N/A, FC N/A, Temp N/A","Navarro: No te detengas en signos estables, R1. El reloj no se detiene.",Carta de vitales sin ningún valor (plantilla): eliminar o completar
vacia,PROC_STATS_DX_METRICS_001_007,init_vitals,discard,"TA N/A, FC N/A, Temp N/A","Navarro: No te detengas en signos estables, R1. El reloj no se detiene.",Carta de vitales sin ningún valor (plantilla): eliminar o completar
vacia,PROC_STATS_DX_METRICS_001_008,init_vitals,discard,"TA N/A, FC N/A, Temp N/A","Navarro: No te detengas en signos estables, R1. El reloj no se detiene.",Carta de vitales sin ningún valor (plantilla): eliminar o completar
vacia,PROC_STATS_DX_METRICS_001_009,init_vitals,discard,"TA N/A, FC N/A, Temp N/A","Navarro: No te detengas en signos estables, R1. El reloj no se detiene.",Carta de vitales sin ningún valor (plantilla): eliminar o completar
vacia,PROC_STATS_DX_METRICS_001_010,init_vitals,discard,"TA N/A, FC N/A, Temp N/A","Navarro: No te detengas en signos estables, R1. El reloj no se detiene.",Carta de vitales sin ningún valor (plantilla): eliminar o completar
vacia,PROC_STATS_DX_METRICS_001_011,init_vitals,discard,"TA N/A, FC N/A, Temp N/A","Navarro: No te detengas en signos estables, R1. El reloj no se detiene.",Carta de vitales sin ningún valor (plantilla): eliminar o completar
vacia,PROC_STATS_DX_METRICS_001_012,init_vitals,discard,"TA N/A, FC N/A, Temp N/A","Navarro: No te detengas en signos estables, R1. El reloj no se detiene.",Carta de vitales sin ningún valor (plantilla): eliminar o completar
vacia,PROC_STATS_DX_METRICS_001_013,init_vitals,discard,"TA N/A, FC N/A, Temp N/A","Navarro: No te detengas en signos estables, R1. El reloj no se detiene.",Carta de vitales sin ningún valor (plantilla): eliminar o completar
vacia,PROC_STATS_DX_METRICS_001_014,init_vitals,discard,"TA N/A, FC N/A, Temp N/A","Navarro: No te detengas en signos estables, R1. El reloj no se detiene.",Carta de vitales sin ningún valor (plantilla): eliminar o completar
vacia,PROC_STATS_DX_METRICS_001_015,init_vitals,discard,"TA N/A, FC N/A, Temp N/A","Navarro: No te detengas en signos estables, R1. El reloj no se detiene.",Carta de vitales sin ningún valor (plantilla): eliminar o completar
vitales,PROC_SURG_ATLS_TENSION_PNEUMO_001_002,init_vitals,discard,"TA 80/40 mmHg, FC 130 lpm, Temp 36.2°C","No te detengas en estos signos de choque obstructivo, R1. El reloj no se detiene.","Vitales anormales (TAS 80, FC 130) marcados como descarte"
vitales,PROC_SURG_ATLS_TENSION_PNEUMO_001_003,init_vitals,discard,"TA 80/40 mmHg, FC 130 lpm, Temp 36.2°C","No te detengas en estos signos de choque obstructivo, R1. El reloj no se detiene.","Vitales anormales (TAS 80, FC 130) marcados como descarte"
vitales,PROC_SURG_ATLS_TENSION_PNEUMO_001_004,init_vitals,discard,"TA 80/40 mmHg, FC 130 lpm, Temp 36.2°C","No te detengas en estos signos de choque obstructivo, R1. El reloj no se detiene.","Vitales anormales (TAS 80, FC 130) marcados como descarte"
vitales,PROC_SURG_ATLS_TENSION_PNEUMO_001_005,init_vitals,discard,"TA 80/40 mmHg, FC 130 lpm, Temp 36.2°C","No te detengas en estos signos de choque obstructivo, R1. El reloj no se detiene.","Vitales anormales (TAS 80, FC 130) marcados como descarte"
vitales,PROC_SURG_ATLS_TENSION_PNEUMO_001_006,init_vitals,discard,"TA 80/40 mmHg, FC 130 lpm, Temp 36.2°C","No te detengas en estos signos de choque obstructivo, R1. El reloj no se detiene.","Vitales anormales (TAS 80, FC 130) marcados como descarte"
vitales,PROC_SURG_ATLS_TENSION_PNEUMO_001_007,init_vitals,discard,"TA 80/40 mmHg, FC 130 lpm, Temp 36.2°C","No te detengas en estos signos de choque obstructivo, R1. El reloj no se detiene.","Vitales anormales (TAS 80, FC 130) marcados como descarte"
vitales,PROC_SURG_ATLS_TENSION_PNEUMO_001_008,init_vitals,discard,"TA 80/40 mmHg, FC 130 lpm, Temp 36.2°C","No te detengas en estos signos de choque obstructivo, R1. El reloj no se detiene.","Vitales anormales (TAS 80, FC 130) marcados como descarte"
vitales,PROC_SURG_ATLS_TENSION_PNEUMO_001_009,init_vitals,discard,"TA 80/40 mmHg, FC 130 lpm, Temp 36.2°C","No te detengas en estos signos de choque obstructivo, R1. El reloj no se detiene.","Vitales anormales (TAS 80, FC 130) marcados como descarte"
vitales,PROC_SURG_ATLS_TENSION_PNEUMO_001_010,init_vitals,discard,"TA 80/40 mmHg, FC 130 lpm, Temp 36.2°C","No te detengas en estos signos de choque obstructivo, R1. El reloj no se detiene.","Vitales anormales (TAS 80, FC 130) marcados como descarte"
vitales,PROC_SURG_ATLS_TENSION_PNEUMO_001_011,init_vitals,discard,"TA 80/40 mmHg, FC 130 lpm, Temp 36.2°C","No te detengas en estos signos de choque obstructivo, R1. El reloj no se detiene.","Vitales anormales (TAS 80, FC 130) marcados como descarte"
vitales,PROC_SURG_ATLS_TENSION_PNEUMO_001_012,init_vitals,discard,"TA 80/40 mmHg, FC 130 lpm, Temp 36.2°C","No te detengas en estos signos de choque obstructivo, R1. El reloj no se detiene.","Vitales anormales (TAS 80, FC 130) marcados como descarte"
vitales,PROC_SURG_ATLS_TENSION_PNEUMO_001_013,init_vitals,discard,"TA 80/40 mmHg, FC 130 lpm, Temp 36.2°C","No te detengas en estos signos de choque obstructivo, R1. El reloj no se detiene.","Vitales anormales (TAS 80, FC 130) marcados como descarte"
vitales,PROC_SURG_ATLS_TENSION_PNEUMO_001_014,init_vitals,discard,"TA 80/40 mmHg, FC 130 lpm, Temp 36.2°C","No te detengas en estos signos de choque obstructivo, R1. El reloj no se detiene.","Vitales anormales (TAS 80, FC 130) marcados como descarte"
vitales,PROC_SURG_ATLS_TENSION_PNEUMO_001_015,init_vitals,discard,"TA 80/40 mmHg, FC 130 lpm, Temp 36.2°C","No te detengas en estos signos de choque obstructivo, R1. El reloj no se detiene.","Vitales anormales (TAS 80, FC 130) marcados como descarte"
vitales,PROC_SURG_BILIARY_CHOLANGITIS_001_001,init_vitals,discard,"TA 100/65, FC 120 lpm, Temp 39.5°C","No te detengas en estos signos de taquicardia, R1. El reloj no se detiene.",Vitales anormales (T 39.5) marcados como descarte
vitales,PROC_SURG_BILIARY_COLANGITIS_001_001,init_vitals,discard,"TA 85/50 mmHg, FC 125 lpm, Temp 39.5°C","No te detengas en estos signos de hipotensión/choque, R1. El reloj no se detiene.","Vitales anormales (TAS 85, T 39.5) marcados como descarte"
vitales,PROC_SURG_TRAUMA_ATLS10_001_001,init_vitals,discard,"TA 80/50 mmHg, FC 130 lpm, Temp 36.2°C","No te detengas en estos signos de choque obstructivo, R1. El reloj no se detiene.","Vitales anormales (TAS 80, FC 130) marcados como descarte"
balance,PROC_PED_STATS_TESTS_001,,,1 casos · aceptar 10 / descartar 1 (9% descarte),,Faltan ~6.0 cartas de descarte por caso para llegar a 40%
balance,PROC_PREV_LEVELS_LEAVELL_001,,,1 casos · aceptar 10 / descartar 1 (9% descarte),,Faltan ~6.0 cartas de descarte por caso para llegar a 40%
balance,PROC_OBG_HEMORRHAGE_HPP_001,,,5 casos · aceptar 50 / descartar 5 (9% descarte),,Faltan ~5.6 cartas de descarte por caso para llegar a 40%
balance,PROC_ENGL_TECH_VOCABULARY_001,,,15 casos · aceptar 135 / descartar 15 (10% descarte),,Faltan ~5.0 cartas de descarte por caso para llegar a 40%
balance,PROC_OBS_INFECTION_CORIO_001,,,15 casos · aceptar 135 / descartar 15 (10% descarte),,Faltan ~5.0 cartas de descarte por caso para llegar a 40%
balance,PROC_STATS_DX_METRICS_001,,,15 casos · aceptar 135 / descartar 15 (10% descarte),,Faltan ~5.0 cartas de descarte por caso para llegar a 40%
balance,PROC_IM_ASTHMA_001,,,5 casos · aceptar 45 / descartar 10 (18% descarte),,Faltan ~4.0 cartas de descarte por caso para llegar a 40%
balance,PROC_IM_HEART_FAILURE_001,,,5 casos · aceptar 45 / descartar 10 (18% descarte),,Faltan ~4.0 cartas de descarte por caso para llegar a 40%
balance,PROC_INF_STI_SYPHILIS_001,,,5 casos · aceptar 45 / descartar 10 (18% descarte),,Faltan ~4.0 cartas de descarte por caso para llegar a 40%
balance,PROC_ORL_EPISTAXIS_001,,,5 casos · aceptar 45 / descartar 10 (18% descarte),,Faltan ~4.0 cartas de descarte por caso para llegar a 40%
balance,PROC_ORL_OTITIS_MEDIA_001,,,5 casos · aceptar 45 / descartar 10 (18% descarte),,Faltan ~4.0 cartas de descarte por caso para llegar a 40%
balance,PROC_PED_ANEMIA_FERROPENICA_001,,,5 casos · aceptar 45 / descartar 10 (18% descarte),,Faltan ~4.0 cartas de descarte por caso para llegar a 40%
balance,PROC_PED_GAST_DEHYDRATION_001,,,5 casos · aceptar 45 / descartar 10 (18% descarte),,Faltan ~4.0 cartas de descarte por caso para llegar a 40%
balance,PROC_PED_GIT_DEHYDRATION_001,,,15 casos · aceptar 135 / descartar 30 (18% descarte),,Faltan ~4.0 cartas de descarte por caso para llegar a 40%
balance,PROC_SURG_OBSTRUCTION_001,,,1 casos · aceptar 9 / descartar 2 (18% descarte),,Faltan ~4.0 cartas de descarte por caso para llegar a 40%
balance,PROC_PED_NEO_APGAR_001,,,2 casos · aceptar 16 / descartar 4 (20% descarte),,Faltan ~3.5 cartas de descarte por caso para llegar a 40%
balance,PROC_INT_DM2_DX_001,,,15 casos · aceptar 120 / descartar 29 (19% descarte),,Faltan ~3.4 cartas de descarte por caso para llegar a 40%
balance,PROC_GYN_CANCER_CERVICAL_001,,,15 casos · aceptar 120 / descartar 30 (20% descarte),,Faltan ~3.3 cartas de descarte por caso para llegar a 40%
balance,PROC_INT_TEP_001,,,15 casos · aceptar 120 / descartar 30 (20% descarte),,Faltan ~3.3 cartas de descarte por caso para llegar a 40%
balance,PROC_NEUR_STROKE_ISCHEMIC_001,,,15 casos · aceptar 120 / descartar 30 (20% descarte),,Faltan ~3.3 cartas de descarte por caso para llegar a 40%
balance,PROC_OBS_HEM_MOLA_001,,,15 casos · aceptar 120 / descartar 30 (20% descarte),,Faltan ~3.3 cartas de descarte por caso para llegar a 40%
balance,PROC_OBS_RPM_001,,,15 casos · aceptar 120 / descartar 30 (20% descarte),,Faltan ~3.3 cartas de descarte por caso para llegar a 40%
balance,PROC_ENDO_DM1_CAD_001,,,1 casos · aceptar 8 / descartar 2 (20% descarte),,Faltan ~3.0 cartas de descarte por caso para llegar a 40%
balance,PROC_GAST_DIVERTICULITIS_HINCHEY_001,,,1 casos · aceptar 8 / descartar 2 (20% descarte),,Faltan ~3.0 cartas de descarte por caso para llegar a 40%
balance,PROC_GAST_MESENTERIC_ISCHEMIA_001,,,1 casos · aceptar 8 / descartar 2 (20% descarte),,Faltan ~3.0 cartas de descarte por caso para llegar a 40%
balance,PROC_PED_GROWTH_TALLY_001,,,1 casos · aceptar 8 / descartar 2 (20% descarte),,Faltan ~3.0 cartas de descarte por caso para llegar a 40%
balance,PROC_PED_RESPIRATORY_CRUP_001,,,2 casos · aceptar 16 / descartar 5 (24% descarte),,Faltan ~3.0 cartas de descarte por caso para llegar a 40%
balance,PROC_PSYC_DEP_SUICIDE_001,,,1 casos · aceptar 8 / descartar 2 (20% descarte),,Faltan ~3.0 cartas de descarte por caso para llegar a 40%
balance,PROC_SURG_APPENDICITIS_001,,,1 casos · aceptar 8 / descartar 2 (20% descarte),,Faltan ~3.0 cartas de descarte por caso para llegar a 40%
balance,PROC_SURG_APPENDICITIS_ALVARADO_001,,,1 casos · aceptar 8 / descartar 2 (20% descarte),,Faltan ~3.0 cartas de descarte por caso para llegar a 40%
balance,PROC_SURG_TRAUMA_ATLS10_001,,,1 casos · aceptar 8 / descartar 2 (20% descarte),,Faltan ~3.0 cartas de descarte por caso para llegar a 40%
balance,PROC_PED_RESPIRATORY_PNEUMONIA_001,,,2 casos · aceptar 14 / descartar 4 (22% descarte),,Faltan ~2.5 cartas de descarte por caso para llegar a 40%
balance,PROC_SURG_TRAUMA_PNEUMO_001,,,2 casos · aceptar 11 / descartar 2 (15% descarte),,Faltan ~2.5 cartas de descarte por caso para llegar a 40%
balance,PROC_OPH_GLAUCOMA_001,,,5 casos · aceptar 40 / descartar 15 (27% descarte),,Faltan ~2.4 cartas de descarte por caso para llegar a 40%
balance,PROC_GYN_INFECTION_VAGINITIS_001,,,15 casos · aceptar 120 / descartar 45 (27% descarte),,Faltan ~2.3 cartas de descarte por caso para llegar a 40%
balance,PROC_INF_MENINGITIS_BACTERIAL_001,,,15 casos · aceptar 120 / descartar 45 (27% descarte),,Faltan ~2.3 cartas de descarte por caso para llegar a 40%
balance,PROC_INF_SEPSIS_SOFA_001,,,15 casos · aceptar 120 / descartar 45 (27% descarte),,Faltan ~2.3 cartas de descarte por caso para llegar a 40%
balance,PROC_PED_EXANT_ERYTHEMA_001,,,15 casos · aceptar 120 / descartar 45 (27% descarte),,Faltan ~2.3 cartas de descarte por caso para llegar a 40%
balance,PROC_PED_EXANT_MEASLES_001,,,15 casos · aceptar 120 / descartar 45 (27% descarte),,Faltan ~2.3 cartas de descarte por caso para llegar a 40%
balance,PROC_PED_EXANT_ROSEOLA_001,,,15 casos · aceptar 120 / descartar 45 (27% descarte),,Faltan ~2.3 cartas de descarte por caso para llegar a 40%
balance,PROC_PED_EXANT_RUBEOLA_001,,,15 casos · aceptar 120 / descartar 45 (27% descarte),,Faltan ~2.3 cartas de descarte por caso para llegar a 40%
balance,PROC_CARD_AMI_EXTREME_001,,,1 casos · aceptar 5 / descartar 1 (17% descarte),,Faltan ~2.0 cartas de descarte por caso para llegar a 40%
balance,PROC_DERM_ACNE_001,,,5 casos · aceptar 45 / descartar 20 (31% descarte),,Faltan ~2.0 cartas de descarte por caso para llegar a 40%
balance,PROC_GAST_VARICES_HARD_001,,,1 casos · aceptar 4 / descartar 1 (20% descarte),,Faltan ~2.0 cartas de descarte por caso para llegar a 40%
balance,PROC_PED_NEURO_MILESTONES_001,,,1 casos · aceptar 7 / descartar 3 (30% descarte),,Faltan ~2.0 cartas de descarte por caso para llegar a 40%
balance,PROC_PED_VAC_CATCHUP_001,,,1 casos · aceptar 7 / descartar 3 (30% descarte),,Faltan ~2.0 cartas de descarte por caso para llegar a 40%
balance,PROC_PREV_RABIES_EXTREME_001,,,1 casos · aceptar 4 / descartar 1 (20% descarte),,Faltan ~2.0 cartas de descarte por caso para llegar a 40%
balance,PROC_PSYCH_MANIA_001,,,1 casos · aceptar 8 / descartar 3 (27% descarte),,Faltan ~2.0 cartas de descarte por caso para llegar a 40%
balance,PROC_PSYC_PSI_SCHIZO_001,,,1 casos · aceptar 8 / descartar 3 (27% descarte),,Faltan ~2.0 cartas de descarte por caso para llegar a 40%
balance,PROC_SURG_BILIARY_CHOLANGITIS_001,,,1 casos · aceptar 7 / descartar 3 (30% descarte),,Faltan ~2.0 cartas de descarte por caso para llegar a 40%
balance,PROC_SURG_BILIARY_COLANGITIS_001,,,1 casos · aceptar 7 / descartar 3 (30% descarte),,Faltan ~2.0 cartas de descarte por caso para llegar a 40%
balance,PROC_INF_HIV_ART_001,,,15 casos · aceptar 106 / descartar 44 (29% descarte),,Faltan ~1.8 cartas de descarte por caso para llegar a 40%
balance,PROC_NEUR_HEADACHE_THUNDER_001,,,15 casos · aceptar 106 / descartar 44 (29% descarte),,Faltan ~1.8 cartas de descarte por caso para llegar a 40%
balance,PROC_GYN_CANCER_BREAST_001,,,15 casos · aceptar 105 / descartar 45 (30% descarte),,Faltan ~1.7 cartas de descarte por caso para llegar a 40%
balance,PROC_INT_HTN_DX_001,,,15 casos · aceptar 105 / descartar 45 (30% descarte),,Faltan ~1.7 cartas de descarte por caso para llegar a 40%
balance,PROC_INT_SCA_IAM_001,,,15 casos · aceptar 105 / descartar 45 (30% descarte),,Faltan ~1.7 cartas de descarte por caso para llegar a 40%
balance,PROC_OBS_GDM_DX_001,,,15 casos · aceptar 105 / descartar 45 (30% descarte),,Faltan ~1.7 cartas de descarte por caso para llegar a 40%
balance,PROC_OBS_HEMORRHAGE_DPPNI_001,,,15 casos · aceptar 105 / descartar 45 (30% descarte),,Faltan ~1.7 cartas de descarte por caso para llegar a 40%
balance,PROC_OBS_HEM_ABORTION_001,,,15 casos · aceptar 105 / descartar 45 (30% descarte),,Faltan ~1.7 cartas de descarte por caso para llegar a 40%
balance,PROC_OBS_HEM_DPPNI_001,,,15 casos · aceptar 105 / descartar 45 (30% descarte),,Faltan ~1.7 cartas de descarte por caso para llegar a 40%
balance,PROC_OBS_HEM_ECTOPIC_001,,,15 casos · aceptar 105 / descartar 45 (30% descarte),,Faltan ~1.7 cartas de descarte por caso para llegar a 40%
balance,PROC_OBS_PREECLAMPSIA_001,,,15 casos · aceptar 105 / descartar 45 (30% descarte),,Faltan ~1.7 cartas de descarte por caso para llegar a 40%
balance,PROC_PED_PYLORIC_SENOSIS_001,,,5 casos · aceptar 35 / descartar 15 (30% descarte),,Faltan ~1.6 cartas de descarte por caso para llegar a 40%
balance,PROC_SURG_ATLS_TENSION_PNEUMO_001,,,15 casos · aceptar 75 / descartar 29 (28% descarte),,Faltan ~1.4 cartas de descarte por caso para llegar a 40%
balance,PROC_PED_EXANT_SCARLET_001,,,15 casos · aceptar 120 / descartar 60 (33% descarte),,Faltan ~1.3 cartas de descarte por caso para llegar a 40%
balance,PROC_INT_AMI_001,,,15 casos · aceptar 101 / descartar 49 (33% descarte),,Faltan ~1.2 cartas de descarte por caso para llegar a 40%
balance,PROC_CARD_SCA_IAMCEST_001,,,3 casos · aceptar 14 / descartar 6 (30% descarte),,Faltan ~1.0 cartas de descarte por caso para llegar a 40%
balance,PROC_PSYC_NMS_EXTREME_001,,,1 casos · aceptar 4 / descartar 2 (33% descarte),,Faltan ~1.0 cartas de descarte por caso para llegar a 40%
balance,PROC_PED_EXANT_VARICELLA_001,,,15 casos · aceptar 105 / descartar 60 (36% descarte),,Faltan ~0.7 cartas de descarte por caso para llegar a 40%
