#,Lote,Especialidad,Tema,Casos afectados,Card ID,Riesgo letal,Categoría,Texto de la carta (se descarta),Comentario del mentor,Fuente citada,Veredicto,Corrección sugerida,Fuente verificada
1,1,Bioestadística,Dx Metrics,15,dx_1,,Sensibilidad,"Sensibilidad y Prevalencia: Si la prevalencia de la enfermedad aumenta, la sensibilidad de la prueba también aumenta.",Navarro: Sensibilidad y especificidad son propiedades de la prueba y no cambian con la prevalencia; lo que cambia con ella son los valores predictivos.,"CEBM Oxford, SpPin and SnNout; propiedades intrínsecas de la prueba",,,
2,1,Bioestadística,Dx Metrics,15,dx_2,,Valor Predictivo (+),Valor Predictivo Positivo (VPP): Se calcula como VP / (VP + FN).,"Navarro: VP / (VP + FN) es la sensibilidad. El VPP es VP / (VP + FP): de los positivos, cuántos están realmente enfermos.",Definiciones estándar de exactitud diagnóstica,,,
3,1,Bioestadística,Dx Metrics,15,dx_3,,Especificidad,"Prueba Muy Específica: Si su resultado es NEGATIVO, descarta la enfermedad.","Navarro: Una prueba muy sensible, si es negativa, descarta (SnNout); una muy específica, si es positiva, confirma (SpPin).","CEBM Oxford, SpPin and SnNout",,,
4,1,Bioestadística,Dx Metrics,15,dx_4,,Verosimilitud,LR (+) igual a 1: Un cociente de probabilidad positivo de 1 confirma el diagnóstico.,"Navarro: Un LR de 1 no modifica la probabilidad: el resultado es igual de frecuente en enfermos y en sanos. Para confirmar buscamos LR (+) altos, mayores de 10.",Interpretación de razones de verosimilitud (LR = 1: sin cambio en la probabilidad),,,
5,1,Bioestadística,Dx Metrics,15,dx_5,,Curva ROC,Área bajo la curva de 0.5: Indica una prueba con capacidad discriminativa excelente.,"Navarro: Un área de 0.5 equivale al azar, como lanzar una moneda. La discriminación mejora cuanto más se acerca a 1.0.",Definición de la curva ROC (ya presente en la carta c_8 del mismo mazo),,,
6,1,Bioestadística,Dx Metrics,15,dx_6,,Diagnóstico,"Prueba de Tamizaje: Para tamizaje poblacional se elige la prueba más específica, aunque sea poco sensible.",Navarro: En tamizaje se prioriza la sensibilidad para no dejar enfermos sin detectar; la especificidad se busca en la prueba confirmatoria.,CEBM Oxford; principio de pruebas de tamizaje (minimizar falsos negativos),,,
7,6,Cardiología,Ami Extreme,1,l6_ax1,Sí,Tratamiento,Fibrinólisis sistémica como primera opción en este choque cardiogénico: Se prefiere por ser más rápida que trasladar al paciente.,"Navarro: En el infarto con choque cardiogénico la reperfusión de elección es la ICP, sin importar el tiempo de retraso. La fibrinólisis queda como último recurso.","ACC/AHA, Guideline for the Management of STEMI (2013); ESC STEMI Guidelines (2017); ESC Guidelines on ACS (2023)",,,
8,6,Cardiología,Ami Extreme,1,l6_ax2,Sí,Manejo Inmediato,Bolos repetidos de cristaloides de 1 litro para corregir la hipotensión: Medida inicial ante PA 70/40 mmHg.,Navarro: Con estertores bilaterales y SatO2 de 88% el pulmón ya está congestionado. Cargar volumen empeora el edema; el soporte hemodinámico va con inotrópicos o vasopresores.,ESC Guidelines on ACS (2023); ACC/AHA STEMI (2013),,,
9,6,Cardiología,Ami Extreme,1,l6_ax3,Sí,Tratamiento,Bloqueador beta intravenoso para reducir la frecuencia cardíaca de 120 lpm: Se indica por la taquicardia.,Navarro: La taquicardia compensa un gasto cardíaco bajo. Un bloqueador beta en el choque cardiogénico puede precipitar el colapso.,"ACC/AHA, Guideline for the Management of STEMI (2013); ESC STEMI Guidelines (2017)",,,
10,6,Cardiología,Sca Iamcest,3,l6_sc1,,Tratamiento,Aspirina 81 mg como dosis inicial: Esquema de carga en el IAMCEST.,"Mendoza: La dosis inicial es de 162 a 325 mg masticada, sin cubierta entérica. Los 81 mg son la dosis de mantenimiento.","ACC/AHA, Guideline for the Management of STEMI (2013); ESC STEMI Guidelines (2017)",,,
11,6,Cardiología,Sca Iamcest,3,l6_sc2,,Manejo Inmediato,Reperfusión solo si el dolor lleva menos de 3 horas: Pasada esa ventana no hay beneficio.,"Mendoza: El beneficio de la reperfusión se mantiene hasta 12 horas del inicio de los síntomas, y se considera más allá si persiste isquemia.","ACC/AHA, Guideline for the Management of STEMI (2013); ESC STEMI Guidelines (2017)",,,
12,6,Cardiología,Sca Iamcest,3,l6_sc3,,Tratamiento,Diferir la estatina hasta el alta: Se prefiere esperar a que el paciente se estabilice.,"Mendoza: Una estatina de alta intensidad se inicia desde el ingreso en todo paciente con infarto, salvo contraindicación.","ACC/AHA, Guideline for the Management of STEMI (2013); ESC STEMI Guidelines (2017)",,,
13,6,Cardiología,Sca Iamcest,3,l6_sc4,Sí,Manejo Inmediato,Tiempo puerta-balón de 4 horas como meta aceptable: Margen razonable para trasladar y preparar al paciente.,"Mendoza: La meta es una ICP primaria en 90 minutos o menos desde el primer contacto médico; si no se logra, se considera fibrinólisis.","ACC/AHA, Guideline for the Management of STEMI (2013); ESC STEMI Guidelines (2017)",,,
14,6,Cirugía y Trauma,Appendicitis,1,l6_ap_1,,Tratamiento,Antibióticos posoperatorios por 7 días tras apendicectomía de una apendicitis no complicada: Previenen el absceso residual.,En la apendicitis no complicada basta una dosis de profilaxis antes de la incisión. Prolongar el antibiótico no reduce las infecciones.,"WSES, Jerusalem Guidelines for Diagnosis and Treatment of Acute Appendicitis (2020)",,,
15,6,Cirugía y Trauma,Appendicitis,1,l6_ap_2,,Tratamiento,Retrasar los analgésicos para no enmascarar la exploración: Se evita así alterar los signos.,La analgesia no oculta ni retrasa el diagnóstico y es una medida estándar mientras se estudia al paciente.,"WSES, Jerusalem Guidelines for Diagnosis and Treatment of Acute Appendicitis (2020)",,,
16,6,Cirugía y Trauma,Appendicitis,1,l6_ap_3,,Diagnóstico,Ultrasonido sin visualizar el apéndice: Resultado suficiente para descartar apendicitis.,Un apéndice no visualizado no descarta nada; el estudio es no diagnóstico. Se continúa con tomografía o reevaluación clínica.,"WSES, Jerusalem Guidelines for Diagnosis and Treatment of Acute Appendicitis (2020)",,,
17,6,Cirugía y Trauma,Appendicitis,1,l6_ap_4,,Tratamiento,Operar sin antibiótico preoperatorio: La profilaxis solo se da si hay perforación.,"Una dosis preoperatoria de antibiótico se da en toda apendicectomía, aunque no haya perforación, para reducir la infección de herida.","WSES, Jerusalem Guidelines for Diagnosis and Treatment of Acute Appendicitis (2020)",,,
18,6,Cirugía y Trauma,Appendicitis Alvarado,1,l6_ap_1,,Tratamiento,Antibióticos posoperatorios por 7 días tras apendicectomía de una apendicitis no complicada: Previenen el absceso residual.,En la apendicitis no complicada basta una dosis de profilaxis antes de la incisión. Prolongar el antibiótico no reduce las infecciones.,"WSES, Jerusalem Guidelines for Diagnosis and Treatment of Acute Appendicitis (2020)",,,
19,6,Cirugía y Trauma,Appendicitis Alvarado,1,l6_ap_2,,Tratamiento,Retrasar los analgésicos para no enmascarar la exploración: Se evita así alterar los signos.,La analgesia no oculta ni retrasa el diagnóstico y es una medida estándar mientras se estudia al paciente.,"WSES, Jerusalem Guidelines for Diagnosis and Treatment of Acute Appendicitis (2020)",,,
20,6,Cirugía y Trauma,Appendicitis Alvarado,1,l6_ap_3,,Diagnóstico,Ultrasonido sin visualizar el apéndice: Resultado suficiente para descartar apendicitis.,Un apéndice no visualizado no descarta nada; el estudio es no diagnóstico. Se continúa con tomografía o reevaluación clínica.,"WSES, Jerusalem Guidelines for Diagnosis and Treatment of Acute Appendicitis (2020)",,,
21,6,Cirugía y Trauma,Appendicitis Alvarado,1,l6_ap_4,,Tratamiento,Operar sin antibiótico preoperatorio: La profilaxis solo se da si hay perforación.,"Una dosis preoperatoria de antibiótico se da en toda apendicectomía, aunque no haya perforación, para reducir la infección de herida.","WSES, Jerusalem Guidelines for Diagnosis and Treatment of Acute Appendicitis (2020)",,,
22,5,Cirugía y Trauma,Atls Tension Pneumo,15,l5_tp1,Sí,Manejo Inmediato,Oxígeno en mascarilla con reservorio y reevaluación a los 15 minutos: Medida suficiente mientras se define la conducta en el paciente con tráquea desviada e hipotensión.,"Navarro: El oxígeno acompaña, pero no resuelve la obstrucción mecánica. Con inestabilidad hemodinámica y signos de tensión, la descompresión pleural no espera.","ATLS 10a ed., Capítulo 3 (Choque) y Capítulo 4 (Trauma torácico)",,,
23,5,Cirugía y Trauma,Atls Tension Pneumo,15,l5_tp2,Sí,Manejo Inmediato,Bolos de cristaloides hasta normalizar la presión: Tratamiento de la hipotensión de este paciente antes de tocar el tórax.,Navarro: Esta hipotensión es obstructiva: el retorno venoso está comprimido. Los líquidos no abren el mediastino; la descompresión sí.,"ATLS 10a ed., Capítulo 3 (Choque obstructivo) y Capítulo 4",,,
24,5,Cirugía y Trauma,Atls Tension Pneumo,15,l5_tp3,,Manejo Inmediato,Pericardiocentesis subxifoidea: Procedimiento inmediato por ruidos cardíacos apenas audibles e ingurgitación yugular.,"Navarro: Ruidos apagados y yugulares distendidas también aparecen aquí, pero con tráquea desviada y hemitórax silente el problema está en la pleura. La desviación traqueal y la ausencia de murmullo vesicular inclinan hacia el neumotórax.","ATLS 10a ed., Capítulo 3 y 4 (diagnóstico diferencial del choque obstructivo)",,,
25,6,Cirugía y Trauma,Biliary Cholangitis,1,l6_co1,Sí,Tratamiento,Colecistectomía urgente como tratamiento inicial de la colangitis: Se quita el foco de la infección.,"El problema es la obstrucción del colédoco, no la vesícula. El tratamiento inicial es el drenaje biliar, y la colecistectomía llega después.",Tokyo Guidelines 2018 for Acute Cholangitis and Cholecystitis (J Hepatobiliary Pancreat Sci 2018),,,
26,6,Cirugía y Trauma,Biliary Cholangitis,1,l6_co2,Sí,Tratamiento,Antibiótico hasta después de la CPRE: Se evita así contaminar los cultivos de la vía biliar.,"El antibiótico se inicia de inmediato, tras tomar hemocultivos. Esperar a la CPRE retrasa el control de la sepsis.",Tokyo Guidelines 2018 for Acute Cholangitis and Cholecystitis,,,
27,6,Cirugía y Trauma,Biliary Cholangitis,1,l6_co3,Sí,Manejo Inmediato,Drenaje biliar diferido 72 horas aunque haya choque: Se espera a estabilizar con antibióticos.,"En la colangitis grave, con choque o disfunción orgánica, el drenaje biliar es urgente y se hace en cuanto el paciente se estabiliza con la reanimación.",Tokyo Guidelines 2018 for Acute Cholangitis and Cholecystitis,,,
28,6,Cirugía y Trauma,Biliary Cholangitis,1,l6_co4,,Diagnóstico,Vía biliar sin dilatación en el ultrasonido: Descarta la colangitis.,La dilatación de la vía biliar apoya el diagnóstico pero no es indispensable. Un ultrasonido normal no excluye una colangitis.,Tokyo Guidelines 2018 for Acute Cholangitis and Cholecystitis,,,
29,6,Cirugía y Trauma,Biliary Colangitis,1,l6_co1,Sí,Tratamiento,Colecistectomía urgente como tratamiento inicial de la colangitis: Se quita el foco de la infección.,"El problema es la obstrucción del colédoco, no la vesícula. El tratamiento inicial es el drenaje biliar, y la colecistectomía llega después.",Tokyo Guidelines 2018 for Acute Cholangitis and Cholecystitis (J Hepatobiliary Pancreat Sci 2018),,,
30,6,Cirugía y Trauma,Biliary Colangitis,1,l6_co2,Sí,Tratamiento,Antibiótico hasta después de la CPRE: Se evita así contaminar los cultivos de la vía biliar.,"El antibiótico se inicia de inmediato, tras tomar hemocultivos. Esperar a la CPRE retrasa el control de la sepsis.",Tokyo Guidelines 2018 for Acute Cholangitis and Cholecystitis,,,
31,6,Cirugía y Trauma,Biliary Colangitis,1,l6_co3,Sí,Manejo Inmediato,Drenaje biliar diferido 72 horas aunque haya choque: Se espera a estabilizar con antibióticos.,"En la colangitis grave, con choque o disfunción orgánica, el drenaje biliar es urgente y se hace en cuanto el paciente se estabiliza con la reanimación.",Tokyo Guidelines 2018 for Acute Cholangitis and Cholecystitis,,,
32,6,Cirugía y Trauma,Biliary Colangitis,1,l6_co4,,Diagnóstico,Vía biliar sin dilatación en el ultrasonido: Descarta la colangitis.,La dilatación de la vía biliar apoya el diagnóstico pero no es indispensable. Un ultrasonido normal no excluye una colangitis.,Tokyo Guidelines 2018 for Acute Cholangitis and Cholecystitis,,,
33,6,Cirugía y Trauma,Obstruction,1,l6_ob1,,Manejo Inmediato,Cirugía inmediata en toda obstrucción por bridas sin signos de estrangulación: Evita la progresión.,"Sin fiebre, leucocitosis, irritación peritoneal ni isquemia, la obstrucción por bridas se maneja primero de forma conservadora por 48 a 72 horas.","WSES, Management of Adhesive Small Bowel Obstruction Guidelines (2017)",,,
34,6,Cirugía y Trauma,Obstruction,1,l6_ob2,,Diagnóstico,Contraste hidrosoluble contraindicado en la obstrucción por bridas: Podría empeorar la distensión.,El contraste hidrosoluble oral ayuda a predecir la resolución y también facilita el paso del contenido. Se usa como prueba diagnóstica y terapéutica.,"WSES, Management of Adhesive Small Bowel Obstruction Guidelines (2017)",,,
35,6,Cirugía y Trauma,Obstruction,1,l6_ob3,Sí,Tratamiento,Metoclopramida para acelerar el tránsito: Se indica para vencer la obstrucción.,"Los procinéticos están contraindicados en la obstrucción mecánica, porque aumentan la presión sobre el punto obstruido y el riesgo de perforación.","WSES, Management of Adhesive Small Bowel Obstruction Guidelines (2017)",,,
36,6,Cirugía y Trauma,Obstruction,1,l6_ob4,,Tratamiento,Dieta líquida oral durante la fase conservadora: Mantiene el aporte calórico y el tránsito.,"Durante el manejo conservador se mantiene el ayuno y se hidrata por vía intravenosa, con sonda nasogástrica si hay vómito.","WSES, Management of Adhesive Small Bowel Obstruction Guidelines (2017)",,,
37,6,Cirugía y Trauma,Trauma Atls10,1,l6_at1,Sí,Manejo Inmediato,Cristaloides en bolos sin límite hasta normalizar la presión: Corrige el choque por completo.,La reanimación con cristaloides en exceso diluye los factores de coagulación y agrava la acidosis. Se limita a 1 L inicial y se pasa pronto a hemoderivados.,"ACS, ATLS 10a ed. (2018), Capítulo 3",,,
38,6,Cirugía y Trauma,Trauma Atls10,1,l6_at2,Sí,Manejo Inmediato,Intubación con ventilación a presión positiva antes de descomprimir el tórax: Asegura la vía aérea primero.,La presión positiva en un neumotórax a tensión sin descomprimir agrava el colapso. Se descomprime antes de intubar.,"ACS, ATLS 10a ed. (2018), Capítulos 3 y 4",,,
39,6,Cirugía y Trauma,Trauma Atls10,1,l6_at3,,Tratamiento,Ácido tranexámico después de las primeras 6 horas del trauma: Se administra cuando el paciente se estabiliza.,El ácido tranexámico se da en las primeras 3 horas. Pasado ese plazo no ayuda y puede aumentar el riesgo de trombosis.,"ACS, ATLS 10a ed. (2018); CRASH-2 Collaborators, Lancet (2010)",,,
40,6,Cirugía y Trauma,Trauma Atls10,1,l6_at4,,Manejo Inmediato,Hipotermia permisiva en el paciente con hemorragia grave: Reduce el consumo de oxígeno.,La hipotermia forma parte de la tríada letal y empeora la coagulopatía. Se previene con líquidos tibios y mantas.,"ACS, ATLS 10a ed. (2018), Capítulo 3",,,
41,6,Cirugía y Trauma,Trauma Atls10,1,l6_at5,Sí,Manejo Inmediato,Trasladar a tomografía antes de estabilizar al paciente con hipotensión persistente: Se completa el estudio para planear la cirugía.,El paciente hemodinámicamente inestable no va a la tomografía. Se controla la hemorragia en quirófano o se estabiliza primero.,"ACS, ATLS 10a ed. (2018), Capítulo 3",,,
42,6,Cirugía y Trauma,Trauma Pneumo,2,l5_tp1,Sí,Manejo Inmediato,Oxígeno en mascarilla con reservorio y reevaluación a los 15 minutos: Medida suficiente mientras se define la conducta en el paciente con tráquea desviada e hipotensión.,"El oxígeno acompaña, pero no resuelve la obstrucción mecánica. Con inestabilidad hemodinámica y signos de tensión, la descompresión pleural no espera.","ACS, ATLS 10a ed. (2018), Capítulos 3 y 4",,,
43,6,Cirugía y Trauma,Trauma Pneumo,2,l5_tp2,Sí,Manejo Inmediato,Bolos de cristaloides hasta normalizar la presión: Tratamiento de la hipotensión de este paciente antes de tocar el tórax.,Esta hipotensión es obstructiva: el retorno venoso está comprimido. Los líquidos no abren el mediastino; la descompresión sí.,"ACS, ATLS 10a ed. (2018), Capítulos 3 y 4",,,
44,6,Cirugía y Trauma,Trauma Pneumo,2,l5_tp3,,Manejo Inmediato,Pericardiocentesis subxifoidea: Procedimiento inmediato por ruidos cardíacos apenas audibles e ingurgitación yugular.,"Ruidos apagados y yugulares distendidas también aparecen aquí, pero con tráquea desviada y hemitórax silente el problema está en la pleura.","ACS, ATLS 10a ed. (2018), Capítulos 3 y 4",,,
45,6,Dermatología,Acne,5,l6_ac1,,Farmacoterapia,Doxiciclina oral como único tratamiento sostenido: Esquema suficiente durante todo el control del acné.,"Mendoza: Los antibióticos orales no se usan en monoterapia ni de forma prolongada, por el riesgo de resistencia. Se combinan con retinoide tópico o peróxido de benzoilo.","AAD, Guidelines of care for the management of acne vulgaris (2016)",,,
46,6,Dermatología,Acne,5,l6_ac2,,Farmacoterapia,Isotretinoína oral como primera línea en el acné comedoniano leve: Resuelve el cuadro de forma definitiva.,"Mendoza: La isotretinoína se reserva para el acné severo, nodular o refractario. El cuadro leve se maneja con tratamiento tópico.","AAD, Guidelines of care for the management of acne vulgaris (2016)",,,
47,6,Endocrinología,Dm1 Cad,1,l6_cd1,,Tratamiento,Bicarbonato intravenoso con pH de 7.1 para corregir pronto la acidosis: Se indica ante cualquier acidosis grave.,Mendoza: El bicarbonato se reserva para pH menor de 6.9. Por encima de ese valor no mejora los desenlaces.,"ADA, Hyperglycemic Crises in Adults with Diabetes: A Consensus Report (2024)",,,
48,6,Endocrinología,Dm1 Cad,1,l6_cd2,Sí,Tratamiento,Suspender la insulina al bajar la glucosa de 200 mg/dL: Se evita así la hipoglucemia.,Mendoza: La insulina se continúa hasta resolver la cetoacidosis y se añade dextrosa a la infusión cuando la glucosa baja. Suspenderla deja la cetogénesis activa.,"ADA, Hyperglycemic Crises in Adults with Diabetes: A Consensus Report (2024)",,,
49,6,Endocrinología,Dm1 Cad,1,l6_cd3,,Tratamiento,Solución salina al 0.45% como líquido inicial de reanimación: Evita la sobrecarga de sodio.,Mendoza: El líquido inicial es solución isotónica. La hipotónica no repone el volumen intravascular que se perdió.,"ADA, Hyperglycemic Crises in Adults with Diabetes: A Consensus Report (2024)",,,
50,6,Endocrinología,Dm1 Cad,1,l6_cd4,,Tratamiento,Insulina subcutánea como único tratamiento de una CAD grave: Esquema más sencillo que la infusión.,"Mendoza: En la CAD moderada a grave la insulina va en infusión intravenosa continua, que permite ajustar la dosis y controlar la cetogénesis.","ADA, Hyperglycemic Crises in Adults with Diabetes: A Consensus Report (2024)",,,
51,6,Gastroenterología,Diverticulitis Hinchey,1,l6_dv1,,Tratamiento,Cirugía de Hartmann de entrada ante un absceso drenable: Procedimiento definitivo para evitar recurrencias.,"Mendoza: El absceso de más de 3 a 4 cm se drena por vía percutánea guiada por imagen, con antibióticos. La cirugía se reserva para el fracaso del drenaje o la peritonitis.","ASCRS, Clinical Practice Guidelines for Left-Sided Colonic Diverticulitis (2020)",,,
52,6,Gastroenterología,Diverticulitis Hinchey,1,l6_dv2,Sí,Diagnóstico,Enema con bario en la fase aguda para confirmar el diagnóstico: Estudio contrastado de elección.,Mendoza: Con inflamación aguda hay riesgo de perforación. El estudio de elección es la tomografía de abdomen con contraste.,"ASCRS, Clinical Practice Guidelines for Left-Sided Colonic Diverticulitis (2020)",,,
53,6,Gastroenterología,Diverticulitis Hinchey,1,l6_dv3,,Diagnóstico,Radiografía simple de abdomen para clasificar el estadio de Hinchey: Estudio inicial suficiente.,Mendoza: La radiografía simple solo detecta aire libre o íleo. Para clasificar el absceso y la extensión hace falta la tomografía.,"ASCRS, Clinical Practice Guidelines for Left-Sided Colonic Diverticulitis (2020)",,,
54,6,Gastroenterología,Diverticulitis Hinchey,1,l6_dv4,,Seguimiento,Colonoscopia a los 7 días del alta: Se indica para descartar cáncer tras el episodio.,"Mendoza: La colonoscopia de control se hace de 6 a 8 semanas después de resolver el episodio, cuando la inflamación ya cedió.","ASCRS, Clinical Practice Guidelines for Left-Sided Colonic Diverticulitis (2020)",,,
55,6,Gastroenterología,Mesenteric Ischemia,1,l6_ms1,Sí,Tratamiento,Evitar la heparina por el riesgo de sangrado intestinal: Se difiere hasta después de la cirugía.,"Mendoza: La heparina no fraccionada se inicia de inmediato en la isquemia mesentérica aguda para frenar la propagación del trombo, salvo contraindicación mayor.","ESVS, Guidelines on the Management of Diseases of Mesenteric Arteries (2017); WSES (2022)",,,
56,6,Gastroenterología,Mesenteric Ischemia,1,l6_ms2,Sí,Tratamiento,Vasopresores en dosis altas para sostener la presión: Primera medida ante la hipotensión.,Mendoza: Los vasoconstrictores empeoran la perfusión intestinal. Se reponen líquidos y se evitan salvo que no haya alternativa.,"WSES, Acute Mesenteric Ischemia Guidelines (2022)",,,
57,6,Gastroenterología,Mesenteric Ischemia,1,l6_ms3,Sí,Manejo Inmediato,Observación y ayuno por 24 horas antes de definir conducta: Se espera a ver si el dolor cede.,Mendoza: Cada hora de retraso en la revascularización aumenta la necrosis intestinal y la mortalidad. El diagnóstico y el tratamiento van de inmediato.,"WSES, Acute Mesenteric Ischemia Guidelines (2022)",,,
58,6,Gastroenterología,Mesenteric Ischemia,1,l6_ms4,,Diagnóstico,Radiografía simple de abdomen normal: Resultado suficiente para descartar isquemia mesentérica.,Mendoza: La radiografía simple es normal en las fases iniciales. El estudio de elección es la angio-TC.,"ESVS, Guidelines on the Management of Diseases of Mesenteric Arteries (2017)",,,
59,6,Gastroenterología,Varices Hard,1,l6_vr1,Sí,Tratamiento,Transfusión hasta hemoglobina mayor de 10 g/dL: Meta para compensar la pérdida de sangre.,"Navarro: La estrategia es restrictiva, con umbral de 7 g/dL y meta de 7 a 9. Sobretransfundir eleva la presión portal y favorece el resangrado.",Baveno VII Consensus (J Hepatol 2022); AASLD Guidance on Portal Hypertensive Bleeding (2017),,,
60,6,Gastroenterología,Varices Hard,1,l6_vr2,,Manejo Inmediato,Balón de Sengstaken-Blakemore como primera medida en lugar de vasoactivos y endoscopia: Controla la hemorragia al instante.,"Navarro: El balón es un rescate temporal si falla el tratamiento. Primero van vasoactivos, antibiótico y endoscopia.",AASLD Guidance on Portal Hypertensive Bleeding (2017),,,
61,6,Gastroenterología,Varices Hard,1,l6_vr3,Sí,Tratamiento,Propranolol en dosis plena durante la hemorragia activa con hipotensión: Reduce la presión portal de inmediato.,"Navarro: Los bloqueadores beta no selectivos son profilaxis, no tratamiento de la hemorragia aguda. Con choque están contraindicados.",Baveno VII Consensus (J Hepatol 2022),,,
62,5c,Ginecología,Cancer Breast,15,l5_mm1,,Diagnóstico,Biopsia escisional abierta como primer método diagnóstico: Se prefiere ante cualquier lesión BI-RADS 4 o 5 para obtener la pieza completa.,Castillo: La biopsia con aguja gruesa es el primer método. Evita una cirugía diagnóstica y permite planear el tratamiento definitivo con el diagnóstico histológico ya en la mano.,"ACR, BI-RADS Atlas 5a ed.; NCCN, Breast Cancer Screening and Diagnosis",,,
63,5c,Ginecología,Cancer Breast,15,l5_mm2,,Diagnóstico,Mastografía negativa con masa palpable: El resultado descarta cáncer y se cita a la paciente al tamizaje habitual.,"Castillo: Una masa palpable con mastografía negativa no se cierra con la imagen. Requiere ultrasonido y, si persiste la sospecha, biopsia.","ACR, Appropriateness Criteria: Palpable Breast Masses",,,
64,3,Ginecología,Cancer Cervical,15,dx_1,,Etiología,Vacuna VPH como Tratamiento: Aplicarla elimina la infección y las lesiones ya existentes.,"Castillo: La vacuna es preventiva: protege contra nuevas infecciones, pero no trata la infección ni las lesiones presentes.",Eficacia preventiva de la vacuna en población sin VPH previo,,,
65,3,Ginecología,Cancer Cervical,15,dx_2,,Manejo Quirúrgico,Histerectomía: Tratamiento de primera elección para NIC 2-3 en la mujer joven.,Castillo: La NIC 2-3 se trata con escisión (cono o LLETZ); la histerectomía no es tratamiento primario de las lesiones precursoras.,"ASCCP 2019, guías de manejo",,,
66,3,Ginecología,Cancer Cervical,15,dx_3,,meds,Citología Anual desde los 18 años: Tamizaje recomendado en toda mujer desde el inicio de la vida sexual.,Castillo: El tamizaje con citología inicia a los 25 años; iniciar antes aumenta tratamientos innecesarios de lesiones que suelen regresar.,NOM-014 y la carta de citología del mismo mazo,,,
67,3,Ginecología,Cancer Cervical,15,dx_4,,Colposcopia,Colposcopia en el Embarazo: Está contraindicada; se difiere hasta después del parto.,Castillo: La colposcopia es segura en el embarazo y se biopsia si hay sospecha de lesión de alto grado; lo contraindicado es el legrado endocervical.,ASCCP; manejo de citología anormal en el embarazo,,,
68,5b,Ginecología,Infection Vaginitis,15,l5_vg1,,Tratamiento,Tratamiento sistemático de la pareja masculina en la vaginosis bacteriana: Se indica metronidazol a ambos para evitar recurrencias.,"Castillo: Tratar a la pareja masculina no reduce la recurrencia de la vaginosis bacteriana. Se trata a la paciente, y la pareja se trata solo en tricomoniasis.","CDC, Sexually Transmitted Infections Treatment Guidelines 2021 (Bacterial vaginosis)",,,
69,5b,Ginecología,Infection Vaginitis,15,l5_vg2,,Tratamiento,Fluconazol oral en dosis única para la candidiasis vaginal de la gestante: Esquema práctico por su comodidad.,Castillo: En el embarazo la candidiasis vaginal se trata con azoles tópicos durante 7 días; el fluconazol oral no se recomienda.,"CDC, Sexually Transmitted Infections Treatment Guidelines 2021 (Vulvovaginal candidiasis)",,,
70,5b,Ginecología,Infection Vaginitis,15,l5_vg3,,Diagnóstico,Cultivo vaginal de rutina para Gardnerella: Estudio de confirmación de la vaginosis bacteriana.,"Castillo: Gardnerella también habita la vagina de mujeres sanas, así que un cultivo positivo no hace el diagnóstico. Se confirma con criterios de Amsel o con puntuación de Nugent.","CDC, Sexually Transmitted Infections Treatment Guidelines 2021 (Bacterial vaginosis)",,,
71,5c,Infectología,Hiv Art,15,l5_hv1,,Tratamiento,Esperar el genotipo de resistencia para iniciar el ART: Se evita así un esquema inadecuado en un paciente que aún no se trató.,"Navarro: El genotipo se solicita antes de empezar, pero su resultado no se espera para iniciar. Se arranca con un esquema de alta barrera genética y se ajusta si el resultado lo exige.","DHHS, Guidelines for the Use of Antiretroviral Agents in Adults and Adolescents with HIV",,,
72,5c,Infectología,Hiv Art,15,l5_hv2,,Tratamiento,Diferir el ART hasta que el paciente logre abstinencia de drogas intravenosas: Condición previa para asegurar la adherencia.,Navarro: El uso de sustancias no es motivo para retener el ART. Se inicia el tratamiento y se acompaña con apoyo para la adherencia y manejo del consumo.,"DHHS, Guidelines for the Use of Antiretroviral Agents in Adults and Adolescents with HIV",,,
73,5,Infectología,Meningitis Bacterial,15,l5_mg1,Sí,Tratamiento,Esperar la tomografía y el resultado del LCR para iniciar antibiótico: Se evita así tratar sin confirmar el germen.,"Navarro: Cada hora sin antibiótico empeora el pronóstico. Se inicia el tratamiento empírico de inmediato; si hay que estudiar antes de la punción, primero se administra el antibiótico.","IDSA, Practice Guidelines for Bacterial Meningitis (Tunkel et al., Clin Infect Dis 2004); ESCMID Guideline 2016",,,
74,5,Infectología,Meningitis Bacterial,15,l5_mg2,,Tratamiento,Ceftriaxona sola como esquema empírico en el adulto de la comunidad: Cobertura suficiente para los gérmenes habituales.,"Navarro: Por la resistencia del neumococo a las cefalosporinas, el esquema empírico añade vancomicina a la cefalosporina de tercera generación.","IDSA, Practice Guidelines for Bacterial Meningitis (Tunkel et al., Clin Infect Dis 2004)",,,
75,5,Infectología,Meningitis Bacterial,15,l5_mg3,,Tratamiento,Dexametasona 24 horas después de iniciar el antibiótico: Se espera a ver la respuesta antes de agregar el corticoide.,Navarro: El corticoide se administra 10 a 20 minutos antes de la primera dosis de antibiótico o junto con ella; empezarlo después pierde el beneficio sobre las secuelas.,"IDSA, Practice Guidelines for Bacterial Meningitis (Tunkel et al., Clin Infect Dis 2004)",,,
76,3,Infectología,Sepsis Sofa,15,dx_1,,meds,Dopamina: Vasopresor de primera línea en el choque séptico.,Navarro: La norepinefrina es el vasopresor de primera línea; la dopamina se asocia a más arritmias.,Surviving Sepsis Campaign 2021,,,
77,3,Infectología,Sepsis Sofa,15,dx_2,Sí,meds,Esperar los Cultivos: No iniciar antibióticos hasta tener el resultado de los hemocultivos.,"Navarro: Los cultivos se toman antes del antibiótico, pero sin retrasarlo: en choque séptico el antibiótico va dentro de la primera hora.",Surviving Sepsis Campaign 2021,,,
78,3,Infectología,Sepsis Sofa,15,dx_3,,labs,Almidones (Hidroxietil Almidón): Coloide de elección para la reanimación inicial.,Navarro: Los almidones aumentan la lesión renal y la mortalidad; se reanima con cristaloides balanceados.,Surviving Sepsis Campaign 2021,,,
79,3,Infectología,Sepsis Sofa,15,dx_4,,Definición Sepsis-3,Meta de PAM de 85 mmHg: Objetivo inicial de la reanimación en todo paciente con choque séptico.,Navarro: La meta inicial recomendada es una PAM de 65 mmHg; metas más altas no mejoran la supervivencia.,Surviving Sepsis Campaign 2021,,,
80,2,Infectología,Sti Syphilis,5,dx_1,Sí,meds,Doxiciclina en el Embarazo: Alternativa de elección en la gestante con sífilis y alergia a la penicilina.,Navarro: En el embarazo solo la penicilina parenteral ha demostrado eficacia; si hay alergia se desensibiliza y se trata con penicilina.,"CDC, guías de tratamiento de ITS 2021",,,
81,2,Infectología,Sti Syphilis,5,dx_2,,meds,Pruebas Treponémicas para Seguimiento: El FTA-ABS se negativiza tras la curación y sirve para vigilar la respuesta.,Navarro: Las pruebas treponémicas suelen quedar positivas de por vida; el seguimiento del tratamiento se hace con VDRL o RPR.,"CDC, guías de tratamiento de ITS 2021",,,
82,2,Infectología,Sti Syphilis,5,dx_3,,Diagnóstico,"Respuesta Adecuada: Basta con que el VDRL baje una dilución (por ejemplo, de 1:32 a 1:16).","Navarro: La respuesta adecuada es una caída de cuatro veces (dos diluciones, por ejemplo de 1:32 a 1:8) en los 12 meses siguientes al tratamiento.","CDC, guías de tratamiento de ITS 2021",,,
83,2,Infectología,Sti Syphilis,5,dx_4,,meds,Ceftriaxona IM Dosis Única: Tratamiento de elección para la sífilis primaria.,Navarro: La dosis única de ceftriaxona es el tratamiento de la gonorrea; la sífilis primaria se trata con penicilina G benzatínica 2.4 millones UI IM.,"CDC, guías de tratamiento de ITS 2021",,,
84,1,Inglés técnico,Tech Vocabulary,15,dx_1,,False Friends,Embarrassed: Significa 'Embarazada'.,Navarro: 'Embarrassed' significa avergonzada. Embarazada se dice 'pregnant'.,Falso amigo clásico inglés-español,,,
85,1,Inglés técnico,Tech Vocabulary,15,dx_2,,Trauma terms,"Injury: Significa 'Injuria', es decir, un insulto u ofensa.","Navarro: 'Injury' es lesión o traumatismo, no una ofensa.",Falso amigo clásico inglés-español,,,
86,1,Inglés técnico,Tech Vocabulary,15,dx_3,,Physical Signs,Rash: Significa 'Raspón' o abrasión de la piel.,Navarro: 'Rash' es exantema o erupción cutánea. Un raspón es 'scrape' o 'abrasion'.,Vocabulario médico inglés-español,,,
87,1,Inglés técnico,Tech Vocabulary,15,dx_4,,Chief Complaint,"Physician: Significa 'Físico', el especialista en física.",Navarro: 'Physician' es médico. El especialista en física es 'physicist'.,Falso amigo clásico inglés-español,,,
88,1,Inglés técnico,Tech Vocabulary,15,dx_5,,Common symptoms,Sensible: 'Sensible abdomen' describe un abdomen doloroso a la palpación.,Navarro: 'Sensible' significa sensato. Un abdomen doloroso a la palpación es 'tender abdomen'.,Falso amigo clásico inglés-español; terminología de exploración física,,,
89,5c,Medicina Interna,Ami,15,l5_am1,Sí,Tratamiento,Nitroglicerina sublingual repetida hasta aliviar el dolor: Se mantiene aun con sospecha de infarto del ventrículo derecho.,"Mendoza: En el infarto inferior con compromiso del ventrículo derecho, que depende de la precarga, los nitratos pueden causar hipotensión grave y se evitan.","ACC/AHA, Guideline for the Management of STEMI (2013); ESC STEMI Guidelines (2017)",,,
90,5c,Medicina Interna,Ami,15,l5_am2,Sí,Manejo Inmediato,Esperar la elevación de la troponina para activar la reperfusión: Se confirma el infarto con el marcador antes de movilizar la sala de hemodinamia.,"Mendoza: En el SCACEST el diagnóstico es clínico y electrocardiográfico. La reperfusión no espera a los biomarcadores, porque cada minuto es miocardio perdido.","ACC/AHA, Guideline for the Management of STEMI (2013); ESC STEMI Guidelines (2017)",,,
91,5c,Medicina Interna,Ami,15,l5_am3,Sí,Tratamiento,Bloqueador beta intravenoso en bolo desde el ingreso: Se indica de rutina en el SCACEST para reducir el tamaño del infarto.,"Mendoza: El bloqueador beta IV no se da de rutina. Con bradicardia, bloqueo AV, hipotensión o datos de falla cardíaca está contraindicado.","ACC/AHA, Guideline for the Management of STEMI (2013); ESC STEMI Guidelines (2017)",,,
92,2,Medicina Interna,Asthma,5,dx_1,Sí,Tratamiento GINA,Salmeterol en Monoterapia: LABA sin corticoide inhalado como mantenimiento del asma persistente.,Mendoza: Un LABA sin corticoide inhalado aumenta el riesgo de exacerbaciones graves y de muerte por asma; siempre se combina con ICS.,GINA 2024; estudio SMART,,,
93,2,Medicina Interna,Asthma,5,dx_2,,Crisis Aguda,Antibiótico de Rutina: Indicado en toda exacerbación asmática para evitar la sobreinfección.,"Mendoza: GINA no recomienda antibióticos de rutina en la exacerbación, salvo evidencia clara de infección bacteriana.",GINA 2024,,,
94,2,Medicina Interna,Asthma,5,dx_3,,Diagnóstico,Espirometría Normal: Descarta el diagnóstico de asma.,Mendoza: Una espirometría normal no descarta asma; si la sospecha persiste se busca reversibilidad o hiperreactividad bronquial (metacolina).,GINA 2024,,,
95,2,Medicina Interna,Asthma,5,dx_4,Sí,meds,Propranolol: Útil para controlar la taquicardia causada por el salbutamol.,Mendoza: Los betabloqueadores no selectivos pueden desencadenar broncoespasmo grave en el paciente asmático.,GINA (betabloqueadores no selectivos como desencadenante de broncoespasmo),,,
96,3,Medicina Interna,Dm2 Dx,15,dx_1,,labs,Glucosa en Ayuno Única: Una sola cifra de 128 mg/dL en un paciente asintomático confirma el diagnóstico.,"Mendoza: Sin hiperglucemia inequívoca, el diagnóstico requiere confirmación con una segunda prueba (repetida o distinta).","ADA, Standards of Care: clasificación y diagnóstico",,,
97,3,Medicina Interna,Dm2 Dx,15,dx_2,,labs,"HbA1c en Hemoglobinopatías: Es igual de confiable para diagnosticar diabetes en anemia, hemoglobinopatías o embarazo.","Mendoza: Cuando la vida del eritrocito está alterada (hemoglobinopatías, anemia, embarazo) la HbA1c falla; se diagnostica con glucosa plasmática.","ADA, Standards of Care: clasificación y diagnóstico",,,
98,3,Medicina Interna,Dm2 Dx,15,dx_3,,labs,CTOG con 100 g: Carga oral de 100 g de glucosa para diagnosticar DM2 en el adulto no embarazado.,Mendoza: El diagnóstico de DM2 usa una carga de 75 g de glucosa anhidra y medición a las 2 horas.,"ADA, Standards of Care (criterios diagnósticos)",,,
99,3,Medicina Interna,Dm2 Dx,15,dx_4,,meds,Insulina para Todos: Tratamiento inicial obligatorio en todo paciente con DM2 recién diagnosticada.,Mendoza: Se inicia con metformina y cambios de estilo de vida; la insulina temprana se reserva para hiperglucemia grave o datos de catabolismo.,"ADA, Standards of Care: tratamiento farmacológico",,,
100,2,Medicina Interna,Heart Failure,5,dx_1,,meds,Pioglitazona: Opción segura para el control glucémico en el paciente con ICFEr y DM2.,Mendoza: Las glitazonas retienen sodio y agua y empeoran la insuficiencia cardiaca; están contraindicadas. En DM2 con IC se prefieren los iSGLT2.,"ESC 2021, guía de insuficiencia cardiaca",,,
101,2,Medicina Interna,Heart Failure,5,dx_2,,Manejo Síntomas,AINE (Naproxeno): Analgésico de elección para el dolor articular del paciente con IC.,"Mendoza: Los AINE retienen sodio, reducen el efecto de diuréticos e IECA y aumentan las hospitalizaciones por IC; deben evitarse.","AHA/ACC/HFSA 2022; AHA, fármacos que causan o agravan la IC",,,
102,2,Medicina Interna,Heart Failure,5,dx_3,,Tratamiento Pilares,Digoxina: Fármaco de primera línea porque reduce la mortalidad en ICFEr.,Mendoza: En el estudio DIG la digoxina redujo hospitalizaciones pero no la mortalidad; no forma parte de los cuatro pilares.,"Digitalis Investigation Group, NEJM 1997",,,
103,2,Medicina Interna,Heart Failure,5,dx_4,,Beta-bloqueadores,Atenolol: Betabloqueador con beneficio demostrado en mortalidad en ICFEr.,"Mendoza: Solo bisoprolol, carvedilol y metoprolol succinato (y nebivolol en mayores de 70 años) han demostrado beneficio en ICFEr; el atenolol no.","ESC 2021, guía de insuficiencia cardiaca",,,
104,5c,Medicina Interna,Htn Dx,15,l5_ht1,,Tratamiento,IECA más ARA-II como combinación inicial: Doble bloqueo del sistema renina-angiotensina para lograr un mejor control.,Mendoza: No se combinan IECA y ARA-II. El doble bloqueo no mejora los desenlaces y aumenta la hiperpotasemia y la lesión renal.,"ACC/AHA, Guideline for High Blood Pressure in Adults (2017); ESC/ESH Guidelines (2018)",,,
105,5c,Medicina Interna,Htn Dx,15,l5_ht2,Sí,Tratamiento,Nifedipino sublingual de acción corta para bajar la presión de inmediato: Opción rápida en la urgencia hipertensiva.,Mendoza: El nifedipino de acción corta produce descensos bruscos e impredecibles de la presión y puede causar isquemia cerebral o miocárdica. En urgencia hipertensiva se usa tratamiento oral con descenso gradual.,"ACC/AHA, Guideline for High Blood Pressure in Adults (2017)",,,
106,5c,Medicina Interna,Sca Iam,15,l5_am1,Sí,Tratamiento,Nitroglicerina sublingual repetida hasta aliviar el dolor: Se mantiene aun con sospecha de infarto del ventrículo derecho.,"Mendoza: En el infarto inferior con compromiso del ventrículo derecho, que depende de la precarga, los nitratos pueden causar hipotensión grave y se evitan.","ACC/AHA, Guideline for the Management of STEMI (2013); ESC STEMI Guidelines (2017)",,,
107,5c,Medicina Interna,Sca Iam,15,l5_am2,Sí,Manejo Inmediato,Esperar la elevación de la troponina para activar la reperfusión: Se confirma el infarto con el marcador antes de movilizar la sala de hemodinamia.,"Mendoza: En el SCACEST el diagnóstico es clínico y electrocardiográfico. La reperfusión no espera a los biomarcadores, porque cada minuto es miocardio perdido.","ACC/AHA, Guideline for the Management of STEMI (2013); ESC STEMI Guidelines (2017)",,,
108,5c,Medicina Interna,Sca Iam,15,l5_am3,Sí,Tratamiento,Bloqueador beta intravenoso en bolo desde el ingreso: Se indica de rutina en el SCACEST para reducir el tamaño del infarto.,"Mendoza: El bloqueador beta IV no se da de rutina. Con bradicardia, bloqueo AV, hipotensión o datos de falla cardíaca está contraindicado.","ACC/AHA, Guideline for the Management of STEMI (2013); ESC STEMI Guidelines (2017)",,,
109,3,Medicina Interna,Tep,15,dx_1,Sí,meds,Trombólisis en TEP de Bajo Riesgo: Indicada aunque el paciente esté estable y con PESI de 0 puntos.,Mendoza: La trombólisis sistémica se reserva para el TEP de alto riesgo (inestabilidad hemodinámica); en bajo riesgo solo añade sangrado.,"ESC 2019, guía de embolia pulmonar",,,
110,3,Medicina Interna,Tep,15,dx_2,,Paraclínicos,Dímero D Normal en Probabilidad Alta: Descarta TEP aunque la sospecha clínica sea alta.,Mendoza: En probabilidad clínica alta no se usa el dímero D; un resultado normal no excluye TEP y se va directo a la angiotomografía.,"ESC 2019, guía de embolia pulmonar",,,
111,3,Medicina Interna,Tep,15,dx_3,,imaging,Radiografía de Tórax Normal: Descarta tromboembolia pulmonar.,"Mendoza: La radiografía suele ser normal en el TEP; si lo es, se continúa con angiotomografía o gammagrafía de perfusión.","ESC 2019, guía de embolia pulmonar",,,
112,3,Medicina Interna,Tep,15,dx_4,,meds,Warfarina sola desde el Día 1: Iniciar antagonista de vitamina K sin heparina en el TEP agudo.,Mendoza: La warfarina debe solaparse con anticoagulación parenteral hasta alcanzar INR terapéutico; sola al inicio no protege y puede ser procoagulante.,"ESC 2019, guía de embolia pulmonar",,,
113,2,Medicina Preventiva,Levels Leavell,1,dx_1,,Prevencion 1aria,Papanicolaou (Prevención Primaria): El tamizaje citológico evita que la paciente adquiera la infección por VPH.,Castillo: La citología detecta lesiones ya presentes: es prevención secundaria. La primaria es la vacuna contra VPH y el uso de preservativo.,Niveles de prevención de Leavell y Clark,,,
114,2,Medicina Preventiva,Levels Leavell,1,dx_2,,Prevencion 2aria,Rehabilitación (Prevención Secundaria): Recuperar la función tras el tratamiento del cáncer.,Castillo: La rehabilitación corresponde a la prevención terciaria; la secundaria es el diagnóstico precoz y el tratamiento oportuno.,Niveles de prevención de Leavell y Clark,,,
115,2,Medicina Preventiva,Levels Leavell,1,dx_3,,Prevencion 4aria,Prevención Cuaternaria: Realizar todos los estudios disponibles a pacientes sanos para no dejar pasar ninguna enfermedad.,Castillo: Es lo contrario: la prevención cuaternaria busca evitar el sobrediagnóstico y las intervenciones innecesarias o dañinas.,Prevención cuaternaria (Jamoulle); carta de prevención cuaternaria del mismo mazo,,,
116,2,Medicina Preventiva,Levels Leavell,1,dx_4,,Historia Natural,"Periodo Prepatogénico: Etapa en la que ya existe lesión tisular, pero aún sin síntomas.",Castillo: Una lesión sin síntomas ya pertenece al periodo patogénico (etapa subclínica). El prepatogénico es la interacción agente-huésped-ambiente antes de que aparezca la enfermedad.,Historia natural de la enfermedad (Leavell y Clark),,,
117,6,Medicina Preventiva,Levels Leavell,1,l6_lv1,,Prevención,Educación para la salud: Corresponde al nivel de prevención secundaria.,"Navarro: La educación para la salud es una acción de prevención primaria, dirigida a evitar que la enfermedad aparezca.","Leavell HR, Clark EG, Preventive Medicine for the Doctor in His Community (1965)",,,
118,6,Medicina Preventiva,Levels Leavell,1,l6_lv2,,Prevención,Limitación del daño: Pertenece al nivel de prevención primaria.,Navarro: La limitación del daño es prevención secundaria junto con el diagnóstico precoz y el tratamiento oportuno.,"Leavell HR, Clark EG, Preventive Medicine for the Doctor in His Community (1965)",,,
119,6,Medicina Preventiva,Rabies Extreme,1,l6_rb1,Sí,Seguimiento,Observar al murciélago por 10 días antes de decidir la profilaxis: Se espera a ver si el animal enferma.,Navarro: La observación de 10 días vale para perros y gatos. Con murciélagos y otros animales silvestres se inicia la profilaxis de inmediato.,"OMS, Rabies Vaccines: Position Paper (2018); NOM-011-SSA2-2011",,,
120,6,Medicina Preventiva,Rabies Extreme,1,l6_rb2,Sí,Manejo Inmediato,Esperar el resultado de laboratorio del animal para iniciar la profilaxis: Se evita tratar sin certeza.,"Navarro: En una mordedura de murciélago en la cara el riesgo es alto, y la rabia, una vez con síntomas, es letal. Se trata de inmediato y se suspende solo si el resultado es negativo.","OMS, Rabies Vaccines: Position Paper (2018); NOM-011-SSA2-2011",,,
121,6,Medicina Preventiva,Rabies Extreme,1,l6_rb3,,Tratamiento,Aplicar toda la inmunoglobulina por vía intramuscular glútea: Evita el dolor de la infiltración.,"Navarro: La mayor parte de la dosis se infiltra en y alrededor de las heridas. Solo el remanente va por vía intramuscular, en un sitio distinto al de la vacuna.","OMS, Rabies Vaccines: Position Paper (2018)",,,
122,5c,Neurología,Headache Thunder,15,l5_ct1,,Diagnóstico,Punción lumbar inmediata antes de cualquier imagen: Se obtiene el LCR de entrada para confirmar la hemorragia.,"Navarro: La tomografía simple de cráneo va primero. Si es negativa y la sospecha persiste, entonces se hace la punción lumbar para buscar xantocromía.","AHA/ASA, Guidelines for the Management of Aneurysmal SAH (2012); ACEP Clinical Policy: Acute Headache (2019)",,,
123,5c,Neurología,Headache Thunder,15,l5_ct2,,Diagnóstico,Tomografía normal a las 24 horas del inicio: Resultado suficiente para descartar hemorragia subaracnoidea.,"Navarro: La sensibilidad de la tomografía cae con el paso de las horas. Más allá de las primeras 6 horas, una imagen normal no descarta la hemorragia y se completa con punción lumbar.","ACEP Clinical Policy: Acute Headache (2019); AHA/ASA, Guidelines for the Management of Aneurysmal SAH (2012)",,,
124,5c,Neurología,Headache Thunder,15,l5_ct3,Sí,Tratamiento,Nimodipino intravenoso en bolo: Vía rápida para prevenir el vasoespasmo al ingreso.,"Navarro: El nimodipino se da por vía oral. En bolo intravenoso produce hipotensión, y la hipoperfusión agrava el vasoespasmo que se quiere prevenir.","AHA/ASA, Guidelines for the Management of Aneurysmal SAH (2012)",,,
125,3,Neurología,Stroke Ischemic,15,dx_1,,vitals,Bajar la TA a menos de 140/90: Requisito antes de iniciar la trombólisis.,Mendoza: Para trombolizar basta con TA menor de 185/110 y mantenerla menor de 180/105 en las siguientes 24 horas; bajarla de más reduce la perfusión de la penumbra.,"AHA/ASA 2019, manejo temprano del EVC isquémico",,,
126,3,Neurología,Stroke Ischemic,15,dx_2,Sí,meds,Aspirina junto con el rTPA: Administrarla al mismo tiempo que la alteplasa para potenciar la reperfusión.,"Mendoza: Tras la alteplasa, la aspirina se difiere 24 horas para no aumentar el riesgo de hemorragia.","AHA/ASA 2019, manejo temprano del EVC isquémico",,,
127,3,Neurología,Stroke Ischemic,15,dx_3,,meds,Heparina Plena Urgente: Indicada de rutina en el EVC isquémico agudo para evitar la progresión.,Mendoza: La anticoagulación urgente no está indicada en la mayoría de los EVC isquémicos agudos: no previene recurrencia y aumenta el sangrado.,"AHA/ASA 2019, manejo temprano del EVC isquémico",,,
128,3,Neurología,Stroke Ischemic,15,dx_4,,Manejo Inicial,Esperar la Resonancia: Obtener RM antes de decidir la trombólisis.,Mendoza: La TC simple y la glucosa son los únicos estudios necesarios antes de la alteplasa; esperar la RM consume la ventana terapéutica.,"AHA/ASA 2019, manejo temprano del EVC isquémico",,,
129,5c,Obstetricia,Gdm Dx,15,l5_gd1,,Tratamiento,Glibenclamida como primera elección farmacológica: Hipoglucemiante oral de inicio cuando la dieta no basta.,Castillo: La insulina es el tratamiento farmacológico de primera línea. La glibenclamida atraviesa la placenta y se asocia con mayor macrosomía e hipoglucemia neonatal.,ACOG Practice Bulletin 190: Gestational Diabetes Mellitus (2018),,,
130,5c,Obstetricia,Gdm Dx,15,l5_gd2,,Manejo,Cesárea electiva sistemática por diabetes gestacional: Indicación por sí sola para evitar el trauma obstétrico.,Castillo: La diabetes gestacional por sí sola no es indicación de cesárea. La vía depende de la indicación obstétrica y del peso fetal estimado.,ACOG Practice Bulletin 190: Gestational Diabetes Mellitus (2018),,,
131,5c,Obstetricia,Gdm Dx,15,l5_gd3,,Diagnóstico,Hemoglobina glucosilada a las 28 semanas: Prueba suficiente para diagnosticar diabetes gestacional.,Castillo: La hemoglobina glucosilada no sirve para diagnosticar diabetes gestacional. Se diagnostica con la curva de tolerancia a la glucosa.,"ADA, Standards of Care in Diabetes: Management of Diabetes in Pregnancy",,,
132,5c,Obstetricia,Hem Abortion,15,l5_ab1,,Tratamiento,Legrado uterino instrumental como método de elección en el aborto incompleto estable: Se prefiere por su rapidez.,Castillo: En la paciente estable la aspiración manual endouterina o el misoprostol son preferibles. El legrado instrumental se reserva para situaciones que los excluyen.,"OMS, Safe abortion: technical and policy guidance (2012); ACOG Practice Bulletin 200 (2018)",,,
133,5c,Obstetricia,Hem Abortion,15,l5_ab2,Sí,Tratamiento,Misoprostol como único tratamiento del aborto séptico: Se administra para evacuar el útero sin necesidad de instrumentar.,Castillo: El aborto séptico requiere antibióticos de amplio espectro y evacuación uterina. El manejo farmacológico solo no es adecuado en el útero infectado.,ACOG Practice Bulletin 200: Early Pregnancy Loss (2018),,,
134,4,Obstetricia,Hem Dppni,15,dx_1,Sí,Manejo,Tocólisis de Rutina: Indicada en todo DPPNI para ganar tiempo y prolongar el embarazo.,"Mendoza: En el DPPNI la tocólisis es controvertida: solo se considera con madre estable, sin sufrimiento fetal y un feto pretérmino que se beneficie de esteroides. En el cuadro agudo no es de rutina.","Medscape, manejo del desprendimiento de placenta",,,
135,4,Obstetricia,Hem Dppni,15,dx_2,,Manejo,Parto Vaginal Contraindicado: Todo DPPNI se resuelve por cesárea sin excepción.,"Mendoza: Con la madre estable y la frecuencia cardiaca fetal tranquilizadora se puede intentar el parto vaginal; y si hay muerte fetal, la vía vaginal es la preferible. La cesárea urgente es para inestabilidad materna o compromiso fetal.","AJOG, desprendimiento de placenta a término y cerca del término; Medscape",,,
136,4,Obstetricia,Hem Ectopic,15,dx_1,,Tratamiento Médico,Ácido Fólico con Metotrexato: Se indica el suplemento para reducir la toxicidad del tratamiento.,"Castillo: Con metotrexato se evita el ácido fólico, incluidos los alimentos que lo contengan, porque disminuye su eficacia.",ACOG Practice Bulletin 193,,,
137,4,Obstetricia,Hem Ectopic,15,dx_2,,Tratamiento Médico,Ibuprofeno para el Dolor: Analgésico de elección durante el tratamiento con metotrexato.,Castillo: Los AINE aumentan el riesgo de toxicidad por metotrexato y deben evitarse.,ACOG Practice Bulletin 193,,,
138,4,Obstetricia,Hem Ectopic,15,dx_3,,Tratamiento Médico,Descenso de 10% de la hCG (día 4 a día 7): Se considera respuesta adecuada y se suspende el tratamiento.,"Castillo: Si la hCG desciende menos de 15% entre el día 4 y el día 7, se repite la dosis de metotrexato.",ACOG Practice Bulletin 193,,,
139,4,Obstetricia,Hem Ectopic,15,dx_4,Sí,Tratamiento Médico,Metotrexato en la Paciente Inestable: Opción segura si hay líquido libre pero el sangrado parece escaso.,Castillo: La inestabilidad hemodinámica o el hemoperitoneo contraindican en forma absoluta el metotrexato y obligan a cirugía.,ACOG Practice Bulletin 193,,,
140,4,Obstetricia,Hem Ectopic,15,dx_5,,imaging,hCG Inicial Alta: La tasa de éxito del metotrexato es la misma con cualquier nivel inicial de hCG.,Castillo: El éxito del metotrexato disminuye cuanto mayor es la hCG inicial; por eso la hCG es parte de los criterios de elección.,ACOG Practice Bulletin 193,,,
141,4,Obstetricia,Hem Mola,15,dx_1,,Seguimiento,DIU Inmediato: Colocarlo tras la evacuación como método anticonceptivo durante el seguimiento.,"Castillo: El DIU se difiere al menos 6 semanas tras la evacuación y hasta que la hCG sea normal, por riesgo de perforación uterina; en el seguimiento se usan anticonceptivos orales.","Ngan et al., FIGO 2018, enfermedad trofoblástica gestacional",,,
142,4,Obstetricia,Hem Mola,15,dx_2,,Manejo Quirúrgico,Quimioprofilaxis de Rutina: Administrar metotrexato a toda paciente con mola para evitar la neoplasia.,Castillo: La quimioprofilaxis se limita a situaciones de riesgo alto o cuando el seguimiento con hCG no es posible; no es de rutina.,"Ngan et al., FIGO 2018, enfermedad trofoblástica gestacional",,,
143,4,Obstetricia,Hem Mola,15,dx_3,,Manejo Quirúrgico,Anti-D en Mola: No se requiere inmunoglobulina porque la mola no tiene tejido fetal.,"Castillo: El factor Rh se expresa en el trofoblasto, por eso la paciente Rh negativa recibe inmunoglobulina anti-D en la evacuación.","Ngan et al., FIGO 2018; ACOG, enfermedad trofoblástica gestacional",,,
144,4,Obstetricia,Hem Mola,15,dx_4,,Manejo Quirúrgico,Legrado Instrumental Cortante: Método de elección para evacuar la mola.,Castillo: La evacuación de elección es la aspiración (AMEU/legrado por succión); el curetaje cortante aumenta el riesgo de perforación y sangrado.,"Medscape, tratamiento de la mola hidatiforme; FIGO 2018",,,
145,4,Obstetricia,Hemorrhage Dppni,15,dx_1,Sí,Manejo,Tocólisis de Rutina: Indicada en todo DPPNI para ganar tiempo y prolongar el embarazo.,"Mendoza: En el DPPNI la tocólisis es controvertida: solo se considera con madre estable, sin sufrimiento fetal y un feto pretérmino que se beneficie de esteroides. En el cuadro agudo no es de rutina.","Medscape, manejo del desprendimiento de placenta",,,
146,4,Obstetricia,Hemorrhage Dppni,15,dx_2,,Manejo,Parto Vaginal Contraindicado: Todo DPPNI se resuelve por cesárea sin excepción.,"Mendoza: Con la madre estable y la frecuencia cardiaca fetal tranquilizadora se puede intentar el parto vaginal; y si hay muerte fetal, la vía vaginal es la preferible. La cesárea urgente es para inestabilidad materna o compromiso fetal.","AJOG, desprendimiento de placenta a término y cerca del término; Medscape",,,
147,1,Obstetricia,Hemorrhage Hpp,5,dx_1,Sí,meds,Ergonovina en Preeclampsia: Uterotónico de primera elección en la puérpera hipertensa con atonía.,Vázquez: Los derivados del ergot están contraindicados en hipertensión y preeclampsia por riesgo de crisis hipertensiva; la primera línea es la oxitocina.,"OMS, uterotónicos para la prevención de HPP; ficha técnica de ergometrina",,,
148,1,Obstetricia,Hemorrhage Hpp,5,dx_2,,meds,Ácido Tranexámico Tardío: Ofrece el mismo beneficio si se administra después de 3 horas del parto.,Vázquez: El ácido tranexámico reduce la muerte por sangrado solo si se da en las primeras 3 horas; después no muestra beneficio (ensayo WOMAN).,"OMS 2017, recomendación sobre ácido tranexámico; ensayo WOMAN",,,
149,1,Obstetricia,Hemorrhage Hpp,5,dx_3,Sí,Diagnóstico,"Umbral de Actuación: La hemorragia posparto solo se trata cuando la pérdida estimada supera 1,500 mL.","Vázquez: La HPP se define desde 500 mL tras parto vaginal o 1,000 mL tras cesárea, o con cualquier pérdida que cause inestabilidad. Esperar a 1,500 mL es llegar tarde.","FIGO 2022, recomendaciones de manejo de la HPP",,,
150,1,Obstetricia,Hemorrhage Hpp,5,dx_4,,Cirugía,Histerectomía Inmediata: Primera medida ante atonía uterina para no perder tiempo.,"Vázquez: El manejo es escalonado: masaje, uterotónicos, ácido tranexámico, taponamiento y suturas compresivas. La histerectomía es el último recurso.",FIGO 2022 (manejo escalonado),,,
151,1,Obstetricia,Hemorrhage Hpp,5,dx_5,Sí,meds,Terbutalina: Útil para controlar la atonía uterina al estabilizar el miometrio.,Vázquez: La terbutalina es un tocolítico: relaja el útero y empeora la atonía.,Farmacología de agonistas beta-2 (relajan el útero); la hemorragia materna con inestabilidad contraindica los tocolíticos,,,
152,1,Obstetricia,Hemorrhage Hpp,5,dx_6,,Las 4 T's,"Útero Contraído: Si el útero está bien contraído, no es necesario buscar trauma del canal ni restos placentarios.","Vázquez: Con útero contraído y sangrado persistente hay que buscar las otras T: trauma del canal, restos (tejido) y coagulopatía (trombina).","Regla de las 4 T (Medscape, Cleveland Clinic): con útero firme y sangrado persistente se busca trauma, tejido o coagulopatía",,,
153,1,Obstetricia,Infection Corio,15,dx_1,,Interrupción,"Cesárea Inmediata: El diagnóstico de corioamnionitis es, por sí solo, indicación de cesárea.","Castillo: La infección intraamniótica rara vez, si acaso, es indicación de cesárea. Se acelera el nacimiento y la vía vaginal es de elección.","ACOG Committee Opinion 712 (2017, reafirmada 2022)",,,
154,1,Obstetricia,Infection Corio,15,dx_2,Sí,meds,Tocólisis: Inhibir las contracciones para prolongar el embarazo y completar la maduración pulmonar.,Castillo: La corioamnionitis contraindica la tocólisis: prolongar el embarazo deja al feto dentro de un ambiente infectado.,"FIGO, recomendaciones de buena práctica en parto pretérmino; contraindicación absoluta de tocólisis en infección intraamniótica",,,
155,1,Obstetricia,Infection Corio,15,dx_3,,meds,Diferir Antibióticos: Esperar hemocultivos y cultivo de líquido amniótico antes de iniciar el tratamiento.,Castillo: El diagnóstico exige iniciar antibióticos y acelerar el nacimiento; esperar cultivos retrasa el tratamiento de la madre y del feto.,ACOG Committee Opinion 712,,,
156,1,Obstetricia,Infection Corio,15,dx_4,,meds,Clindamicina en Monoterapia: Esquema de primera línea para corioamnionitis durante el trabajo de parto.,Castillo: La primera línea es ampicilina más gentamicina. La cobertura de anaerobios (clindamicina o metronidazol) se agrega si la paciente va a cesárea.,"ACOG Committee Opinion 712; Merck Manual, esquemas para infección intraamniótica",,,
157,1,Obstetricia,Infection Corio,15,dx_5,,Diagnóstico,Amniocentesis Obligatoria: Se requiere un cultivo de líquido amniótico positivo antes de iniciar el tratamiento.,Castillo: El diagnóstico es clínico (fiebre materna más otros criterios) y el tratamiento no espera a la amniocentesis.,ACOG Committee Opinion 712 (infección sospechada vs. confirmada),,,
158,1,Obstetricia,Infection Corio,15,dx_6,,meds,Antipiréticos como Tratamiento: Controlar la fiebre con paracetamol es suficiente si la frecuencia cardiaca fetal se normaliza.,Castillo: El paracetamol baja la fiebre pero no trata la infección: se requieren antibióticos y acelerar el nacimiento.,ACOG Committee Opinion 712 (el diagnóstico exige antibióticos y acelerar el nacimiento),,,
159,5c,Obstetricia,Preeclampsia,15,l5_pe1,Sí,Tratamiento,Diazepam como anticonvulsivo de primera línea para prevenir la eclampsia: Alternativa al sulfato de magnesio.,Castillo: El sulfato de magnesio es el fármaco de elección para prevenir y tratar las convulsiones eclámpticas. El diazepam no tiene ese respaldo.,ACOG Practice Bulletin 222: Gestational Hypertension and Preeclampsia (2020),,,
160,5c,Obstetricia,Preeclampsia,15,l5_pe2,,Tratamiento,Suspender el sulfato de magnesio al terminar el nacimiento: El riesgo de convulsión desaparece al expulsar la placenta.,Castillo: El riesgo de eclampsia persiste en el posparto. El sulfato de magnesio se continúa por 24 horas después del nacimiento.,ACOG Practice Bulletin 222: Gestational Hypertension and Preeclampsia (2020),,,
161,5c,Obstetricia,Preeclampsia,15,l5_pe3,,Tratamiento,Enalapril para controlar la crisis hipertensiva del embarazo: Antihipertensivo oral de elección.,"Castillo: Los IECA están contraindicados en el embarazo por su fetotoxicidad. Para la crisis se usan hidralazina, labetalol o nifedipino.",ACOG Practice Bulletin 222: Gestational Hypertension and Preeclampsia (2020),,,
162,4,Obstetricia,Rpm,15,dx_1,,Pruebas de Consultorio,Nitrazina con Sangre: Un papel azul confirma la ruptura aunque la muestra esté teñida de sangre.,"Castillo: La sangre, el semen, los antisépticos alcalinos y la vaginosis bacteriana alcalinizan la muestra y dan falsos positivos; se confirma con otras pruebas.","Merck Manual; AAFP, RPM pretérmino",,,
163,4,Obstetricia,Rpm,15,dx_2,,labs,Helecho con Moco Cervical: Tomar la muestra del cérvix mejora la sensibilidad de la cristalografía.,Castillo: El moco cervical estrogenizado da falsos positivos; la muestra se toma del fondo de saco posterior o de las paredes vaginales.,"AAFP, RPM pretérmino",,,
164,4,Obstetricia,Rpm,15,dx_3,,meds,Antibióticos solo 48 horas: Es suficiente con la fase intravenosa de ampicilina más eritromicina.,"Castillo: El esquema de latencia completa 7 días: 48 horas IV de ampicilina y eritromicina, y luego amoxicilina y eritromicina por vía oral 5 días.","ACOG; ensayo de Mercer, esquema de latencia",,,
165,6,Oftalmología,Glaucoma,5,l6_gl1,,Diagnóstico,Dilatar la pupila para explorar el fondo de ojo: Estudio prioritario en el ojo doloroso con visión borrosa.,López: La midriasis puede cerrar aún más el ángulo y agravar el ataque. No se dilata el ojo con sospecha de glaucoma de ángulo cerrado.,"AAO, Preferred Practice Pattern: Primary Angle-Closure Disease (2020)",,,
166,6,Oftalmología,Glaucoma,5,l6_gl2,,Tratamiento,Iridotomía láser inmediata como único tratamiento del ataque agudo: Se hace antes de bajar la presión.,"López: Primero se baja la presión intraocular con tratamiento médico. La iridotomía se hace después, cuando la córnea se aclara y el ojo es operable.","AAO, Preferred Practice Pattern: Primary Angle-Closure Disease (2020)",,,
167,6,Oftalmología,Glaucoma,5,l6_gl3,,Tratamiento,Pilocarpina intensiva como medida principal con presión intraocular superior a 50 mmHg: Abre el ángulo de inmediato.,López: Con presión muy elevada el esfínter del iris está isquémico y no responde a la pilocarpina. Se baja primero la presión con fármacos sistémicos.,"AAO, Preferred Practice Pattern: Primary Angle-Closure Disease (2020)",,,
168,2,Otorrinolaringología,Epistaxis,5,dx_1,,Exploración,Cabeza hacia Atrás: Inclinar la cabeza hacia atrás mientras se comprime la nariz.,Castillo: El paciente debe inclinarse hacia adelante; hacia atrás la sangre se traga o se aspira y oculta la magnitud del sangrado.,"AAO-HNS 2020, guía de epistaxis (compresión con el paciente inclinado hacia adelante)",,,
169,2,Otorrinolaringología,Epistaxis,5,dx_2,,meds,Cauterización Bilateral: Cauterizar ambos lados del tabique en la misma sesión para asegurar el control.,Castillo: Cauterizar áreas opuestas del tabique a la vez aumenta el riesgo de necrosis y perforación septal; se cauteriza solo el sitio que sangra.,"Merck Manual, cauterio en epistaxis anterior; AAO-HNS 2020",,,
170,2,Otorrinolaringología,Epistaxis,5,dx_3,,labs,Coagulación de Rutina: Solicitar TP y TTP a todo paciente con un primer episodio de epistaxis anterior que cedió con presión.,"Castillo: Los estudios de coagulación no son de rutina; se piden si hay anticoagulantes, sangrado grave o recurrente o datos de trastorno hemorrágico.","Medscape, resumen de guías de epistaxis; AAO-HNS 2020",,,
171,2,Otorrinolaringología,Epistaxis,5,dx_4,,Manejo Posterior,Suspender el Anticoagulante: Primera medida en todo paciente anticoagulado con epistaxis.,"Castillo: Sin sangrado que amenace la vida, primero van las medidas locales (compresión, vasoconstrictor, taponamiento, cauterio) y después se valora revertir o suspender la anticoagulación.","AAO-HNS 2020, guía de epistaxis",,,
172,2,Otorrinolaringología,Otitis Media,5,dx_1,,meds,Azitromicina: Antibiótico de primera línea para la OMA del lactante.,Navarro: Los macrólidos no son de primera línea por su alta resistencia; se reservan para alergia grave a penicilina y cefalosporinas. La primera línea es amoxicilina.,"AAP 2013, guía de otitis media aguda",,,
173,2,Otorrinolaringología,Otitis Media,5,dx_2,,Diagnóstico,Observación sin Antibiótico: Opción válida en lactantes menores de 6 meses con OMA.,Navarro: Antes de los 6 meses la OMA se trata con antibiótico; la observación es opción solo a partir de los 6 meses y en casos no graves.,"AAP 2013, guía de otitis media aguda",,,
174,2,Otorrinolaringología,Otitis Media,5,dx_3,,Etiología,Tubos de Ventilación tras el Primer Episodio: Indicados después de una sola OMA para prevenir recurrencias.,"Navarro: Los tubos se consideran en OMA recurrente: 3 episodios en 6 meses, o 4 en un año con uno en los últimos 6 meses.","AAP 2013, guía de otitis media aguda",,,
175,2,Otorrinolaringología,Otitis Media,5,dx_4,,meds,Profilaxis Antibiótica Prolongada: Recomendada para reducir los episodios en niños con OMA recurrente.,Navarro: La AAP recomienda no usar profilaxis antibiótica para reducir la frecuencia de OMA recurrente.,"AAP 2013, guía de otitis media aguda",,,
176,2,Pediatría,Anemia Ferropenica,5,dx_1,,Seguimiento,Transfusión: Indicada en todo lactante con Hb menor de 10 g/dL por ferropenia.,Castillo: La anemia ferropénica estable se corrige con hierro oral; la transfusión se reserva para anemia grave con repercusión hemodinámica.,"Manejo de la anemia ferropénica (hierro oral como tratamiento de elección, carta del mismo mazo)",,,
177,2,Pediatría,Anemia Ferropenica,5,dx_2,,Dieta,Hierro con Leche: Administrar el sulfato ferroso junto con la leche para mejorar la tolerancia.,"Castillo: El calcio y la caseína de la leche inhiben la absorción del hierro; conviene darlo lejos de los lácteos y, si es posible, con vitamina C.",Mecanismo de inhibición de la absorción de hierro no hem por calcio y caseína,,,
178,2,Pediatría,Anemia Ferropenica,5,dx_3,,Dieta,Leche de Vaca antes del Año: Buena fuente de hierro para el lactante de 9 meses.,Castillo: La leche de vaca es pobre en hierro y se desaconseja antes de los 12 meses; después se limita a unos 700 mL al día.,"AAP / AAFP, prevención de la ferropenia en lactantes",,,
179,2,Pediatría,Anemia Ferropenica,5,dx_4,,Duración,Suspender el Hierro al Normalizar la Hb: Una vez corregida la anemia ya no se requiere tratamiento.,Castillo: El hierro se continúa 2 a 3 meses después de normalizar la hemoglobina para llenar los depósitos.,Duración del tratamiento con hierro (carta del mismo mazo),,,
180,5b,Pediatría,Exant Erythema,15,l5_er1,,Seguridad,Exclusión escolar hasta la desaparición del exantema: Medida necesaria para frenar la transmisión del eritema infeccioso.,"Castillo: Cuando aparece el exantema el niño ya no es contagioso, así que mantenerlo fuera de la escuela no frena la transmisión.","AAP, Red Book 2021 (Parvovirus B19)",,,
181,5b,Pediatría,Exant Erythema,15,l5_er2,,Tratamiento,Inmunoglobulina intravenosa: Tratamiento indicado en todo niño con eritema infeccioso.,Castillo: La inmunoglobulina intravenosa se reserva para la infección crónica por Parvovirus B19 en inmunodeprimidos. En el niño inmunocompetente el cuadro es autolimitado.,"AAP, Red Book 2021 (Parvovirus B19)",,,
182,5b,Pediatría,Exant Measles,15,l5_ms1,,Tratamiento,Ribavirina: Antiviral específico que acorta el curso del sarampión en el niño inmunocompetente.,Castillo: No existe tratamiento antiviral específico de rutina para el sarampión. El manejo es de sostén más vitamina A.,"AAP, Red Book 2021 (Measles); CDC Pink Book",,,
183,5b,Pediatría,Exant Measles,15,l5_ms2,,Prevención,Vacuna SRP al séptimo día de la exposición: Profilaxis posexposición eficaz para el contacto susceptible.,"Castillo: La vacuna previene la enfermedad si se aplica en las primeras 72 horas tras la exposición. Después de ese plazo, y hasta 6 días, el recurso es la inmunoglobulina.","CDC/ACIP, Prevention of Measles, Rubella, CRS, and Mumps (MMWR 2013)",,,
184,5b,Pediatría,Exant Measles,15,l5_ms3,,Tratamiento,Vitamina A solo si hay desnutrición: Se reserva para el niño con déficit nutricional evidente.,"Castillo: La vitamina A se indica a todo niño con sarampión, con o sin desnutrición, en dos dosis separadas por 24 horas.","OMS, Guidelines for Measles Management; AAP, Red Book 2021",,,
185,5b,Pediatría,Exant Rubeola,15,l5_rb1,Sí,Prevención,Vacuna SRP a la embarazada susceptible tras la exposición: Medida para evitar la rubéola congénita.,Castillo: La vacuna de virus vivos está contraindicada en el embarazo. La susceptible se vacuna en el posparto.,"CDC/ACIP, Prevention of Measles, Rubella, CRS, and Mumps (MMWR 2013)",,,
186,5b,Pediatría,Exant Rubeola,15,l5_rb2,,Tratamiento,Aciclovir oral por 7 días: Acorta el exantema y previene la artritis posinfecciosa.,"Castillo: El aciclovir actúa sobre herpesvirus, no sobre el Rubivirus. El tratamiento de la rubéola es de sostén.","AAP, Red Book 2021 (Rubella)",,,
187,3,Pediatría,Gast Dehydration,5,dx_1,,Gastroenteritis,Suspender la Alimentación: Ayuno hasta que cedan las evacuaciones para dejar descansar el intestino.,"Navarro: La OMS indica continuar la alimentación, incluida la lactancia, durante la diarrea; el ayuno empeora el estado nutricional.","OMS, The treatment of diarrhoea (manual)",,,
188,3,Pediatría,Gast Dehydration,5,dx_2,,VHG,Refrescos o Bebidas Deportivas: Alternativa equivalente al Vida Suero Oral para rehidratar.,Navarro: Su alta osmolaridad y poco sodio pueden empeorar la diarrea; se rehidrata con suero oral de baja osmolaridad.,"OMS, The treatment of diarrhoea (manual)",,,
189,3,Pediatría,Gast Dehydration,5,dx_3,,meds,Antibiótico Empírico de Rutina: Indicado en toda diarrea aguda acuosa del lactante.,"Navarro: Los antibióticos se reservan para la diarrea con sangre (disentería), el cólera grave o infecciones asociadas; no para la diarrea acuosa común.","OMS, The treatment of diarrhoea (manual)",,,
190,3,Pediatría,Gast Dehydration,5,dx_4,Sí,meds,Choque por Deshidratación: Iniciar suero oral por sonda nasogástrica como primera opción en lugar de líquidos IV.,Navarro: El choque se trata con líquidos IV (o intraóseos) de inmediato; la sonda solo es un recurso si no hay acceso vascular posible.,"OMS/AIEPI, Plan C",,,
191,6,Pediatría,Gast Dehydration,5,l6_dh1,,Tratamiento,Diluir la fórmula a la mitad durante la rehidratación: Se evita así la sobrecarga osmótica del intestino.,Navarro: No se diluye la fórmula ni se restringe la leche. Se continúa la alimentación habitual durante y después de la rehidratación.,"ESPGHAN/ESPID, Guidelines for Acute Gastroenteritis in Children (2014); OMS",,,
192,6,Pediatría,Gast Dehydration,5,l6_dh2,,Tratamiento,Líquidos intravenosos como primera opción en toda deshidratación leve: Se prefieren por ser más rápidos.,Navarro: La rehidratación oral con suero de osmolaridad reducida es la primera línea en la deshidratación leve a moderada. La vía intravenosa es para el choque o el fracaso de la vía oral.,"ESPGHAN/ESPID, Guidelines for Acute Gastroenteritis in Children (2014); OMS",,,
193,3,Pediatría,Git Dehydration,15,dx_1,,Gastroenteritis,Suspender la Alimentación: Ayuno hasta que cedan las evacuaciones para dejar descansar el intestino.,"Navarro: La OMS indica continuar la alimentación, incluida la lactancia, durante la diarrea; el ayuno empeora el estado nutricional.","OMS, The treatment of diarrhoea (manual)",,,
194,3,Pediatría,Git Dehydration,15,dx_2,,VHG,Refrescos o Bebidas Deportivas: Alternativa equivalente al Vida Suero Oral para rehidratar.,Navarro: Su alta osmolaridad y poco sodio pueden empeorar la diarrea; se rehidrata con suero oral de baja osmolaridad.,"OMS, The treatment of diarrhoea (manual)",,,
195,3,Pediatría,Git Dehydration,15,dx_3,,meds,Antibiótico Empírico de Rutina: Indicado en toda diarrea aguda acuosa del lactante.,"Navarro: Los antibióticos se reservan para la diarrea con sangre (disentería), el cólera grave o infecciones asociadas; no para la diarrea acuosa común.","OMS, The treatment of diarrhoea (manual)",,,
196,3,Pediatría,Git Dehydration,15,dx_4,Sí,meds,Choque por Deshidratación: Iniciar suero oral por sonda nasogástrica como primera opción en lugar de líquidos IV.,Navarro: El choque se trata con líquidos IV (o intraóseos) de inmediato; la sonda solo es un recurso si no hay acceso vascular posible.,"OMS/AIEPI, Plan C",,,
197,6,Pediatría,Git Dehydration,15,l6_dh1,,Tratamiento,Diluir la fórmula a la mitad durante la rehidratación: Se evita así la sobrecarga osmótica del intestino.,Navarro: No se diluye la fórmula ni se restringe la leche. Se continúa la alimentación habitual durante y después de la rehidratación.,"ESPGHAN/ESPID, Guidelines for Acute Gastroenteritis in Children (2014); OMS",,,
198,6,Pediatría,Git Dehydration,15,l6_dh2,,Tratamiento,Líquidos intravenosos como primera opción en toda deshidratación leve: Se prefieren por ser más rápidos.,Navarro: La rehidratación oral con suero de osmolaridad reducida es la primera línea en la deshidratación leve a moderada. La vía intravenosa es para el choque o el fracaso de la vía oral.,"ESPGHAN/ESPID, Guidelines for Acute Gastroenteritis in Children (2014); OMS",,,
199,6,Pediatría,Growth Tally,1,l6_gt1,,Tratamiento,Hormona de crecimiento en el preescolar con talla baja familiar: Se indica para alcanzar la talla blanco.,Castillo: La talla baja familiar es una variante normal con velocidad de crecimiento y edad ósea normales. No tiene indicación de hormona de crecimiento.,"GH Research Society, Consensus Guidelines for Diagnosis and Treatment of GH Deficiency (2000)",,,
200,6,Pediatría,Growth Tally,1,l6_gt2,,Evaluacion,Curvas del CDC en el menor de 5 años: Referencia estándar de crecimiento para esa edad.,"Castillo: En menores de 5 años se usan las curvas de la OMS, que describen cómo debe crecer un niño sano con lactancia y buen entorno.","OMS, Child Growth Standards (2006)",,,
201,6,Pediatría,Growth Tally,1,l6_gt3,,Evaluacion,Peso para edad como indicador de elección para diagnosticar desnutrición crónica: Se mide con más facilidad que la talla.,Castillo: La desnutrición crónica se define con talla para edad. El peso para edad mezcla el efecto del peso y de la talla y no distingue entre ellas.,"OMS, Child Growth Standards (2006)",,,
202,6,Pediatría,Growth Tally,1,l6_gt4,,Evaluacion,Talla baja desde -1 desviación estándar para la edad: Umbral para definir retraso del crecimiento.,Castillo: El umbral de talla baja es de menos de -2 desviaciones estándar para la edad. Entre -1 y -2 el niño solo se vigila.,"OMS, Child Growth Standards (2006)",,,
203,6,Pediatría,Neo Apgar,2,l6_ap1,Sí,Manejo Inmediato,Esperar el Apgar del minuto 1 para decidir si se reanima: Se evita así reanimar de forma innecesaria.,"Castillo: La reanimación neonatal no espera al Apgar. Se decide por la respiración, la frecuencia cardíaca y el tono desde los primeros segundos.","AHA/AAP, Neonatal Resuscitation Program, 8a ed. (2021)",,,
204,6,Pediatría,Neo Apgar,2,l6_ap2,,Manejo Inmediato,Oxígeno al 100% desde el inicio de la ventilación en el recién nacido de término: Corrige la cianosis más rápido.,Castillo: En el recién nacido de término la ventilación inicia con aire ambiente (21%) y se ajusta según oximetría. El exceso de oxígeno daña.,"AHA/AAP, Neonatal Resuscitation Program, 8a ed. (2021)",,,
205,6,Pediatría,Neo Apgar,2,l6_ap3,Sí,Manejo Inmediato,Adrenalina intravenosa a 0.1 mg/kg: Dosis habitual en la reanimación neonatal.,Castillo: La dosis intravenosa es de 0.01 a 0.03 mg/kg. Un error de decuplo puede causar hipertensión grave y hemorragia intracraneal.,"AHA/AAP, Neonatal Resuscitation Program, 8a ed. (2021)",,,
206,6,Pediatría,Neo Apgar,2,l6_ap4,Sí,Manejo Inmediato,Iniciar compresiones torácicas con frecuencia cardíaca menor de 100 lpm: Umbral para comprimir.,Castillo: Las compresiones se inician con frecuencia menor de 60 lpm tras 30 segundos de ventilación efectiva. Con menos de 100 lpm el paso es ventilar.,"AHA/AAP, Neonatal Resuscitation Program, 8a ed. (2021)",,,
207,6,Pediatría,Neuro Milestones,1,l6_nm1,,Evaluacion,Tamizaje de autismo con M-CHAT a los 6 meses: Edad recomendada para el primer tamizaje.,Castillo: El tamizaje específico de autismo se hace a los 18 y 24 meses. A los 6 meses se vigila el desarrollo en cada consulta.,"AAP, Identification, Evaluation, and Management of Children with ASD (2020)",,,
208,6,Pediatría,Neuro Milestones,1,l6_nm2,,Evaluacion,Vigilancia del desarrollo solo cuando los padres expresan preocupación: Basta con atender la queja familiar.,"Castillo: La vigilancia es parte de cada consulta de rutina, y los tamizajes con instrumento estandarizado se hacen a edades fijas, aunque nadie sospeche retraso.","AAP, Promoting Optimal Development: Identifying Infants and Young Children with Developmental Disorders (2020)",,,
209,6,Pediatría,Neuro Milestones,1,l6_nm3,,Evaluacion,Sonrisa social a los 6 meses: Hito esperado en esa edad.,Castillo: La sonrisa social aparece alrededor de los 2 meses. Que falte a los 6 meses ya es motivo de evaluación.,"CDC, Developmental Milestones (2022)",,,
210,6,Pediatría,Pyloric Senosis,5,l6_ps1,,Tratamiento,Procinéticos orales como tratamiento definitivo: Se evita la cirugía en el lactante.,Castillo: La estenosis hipertrófica del píloro es mecánica. El tratamiento definitivo es la piloromiotomía; los procinéticos no abren el canal.,"AAP, Clinical Report: Hypertrophic Pyloric Stenosis; Hernanz-Schulman, Radiology (2003)",,,
211,6,Pediatría,Pyloric Senosis,5,l6_ps2,Sí,Manejo Inmediato,Cirugía urgente antes de corregir la deshidratación y la alcalosis: Se opera de inmediato para frenar los vómitos.,"Castillo: No es una urgencia quirúrgica sino médica. Se corrigen primero volumen, cloro y potasio, porque la anestesia en alcalosis aumenta el riesgo de apnea.","AAP, Clinical Report: Hypertrophic Pyloric Stenosis; Hernanz-Schulman, Radiology (2003)",,,
212,5,Pediatría,Respiratory Crup,2,l5_cr1,,Farmacoterapia,Amoxicilina-clavulanato: Cobertura empírica indicada por la fiebre y el estridor de este cuadro.,"Castillo: El crup es viral. Los antibióticos no modifican su curso y se reservan para una complicación bacteriana documentada, como la traqueítis.","Canadian Paediatric Society, Position statement: Croup (2017)",,,
213,5,Pediatría,Respiratory Crup,2,l5_cr2,,Farmacoterapia,Dexametasona solo si hay estridor en reposo: En el crup leve se difiere el corticoide hasta que el niño empeore.,"Castillo: Un corticoide único se ofrece en todo crup, incluso en el leve, porque acorta la evolución y reduce las consultas de retorno.","Canadian Paediatric Society, Position statement: Croup (2017); Cochrane, Glucocorticoids for croup",,,
214,5,Pediatría,Respiratory Crup,2,l5_cr3,,Imagenología,Radiografía lateral de cuello antes de tratar: Estudio obligatorio en todo niño con estridor para decidir la conducta.,Castillo: El crup es un diagnóstico clínico y la placa no debe retrasar el tratamiento. La imagen se reserva para presentaciones atípicas o mala respuesta.,"Canadian Paediatric Society, Position statement: Croup (2017)",,,
215,5,Pediatría,Respiratory Pneumonia,2,l5_pn1,,Tratamiento Ambulatorio,Azitromicina: Antibiótico de primera elección en el preescolar con neumonía típica no complicada.,"Navarro: Con cuadro típico de neumococo, la amoxicilina a dosis altas sigue siendo la base. Los macrólidos quedan para sospecha de microorganismos atípicos.","IDSA/PIDS, Guías de NAC pediátrica (Bradley et al., Clin Infect Dis 2011)",,,
216,5,Pediatría,Respiratory Pneumonia,2,l5_pn2,,Imagen,Radiografía de tórax de control a las 48 horas: Se solicita de rutina para confirmar la mejoría en todo niño tratado por NAC.,"Navarro: En el niño que evoluciona bien no se repite la placa de rutina. Se reserva para fiebre o síntomas persistentes, empeoramiento o complicación sospechada.","IDSA/PIDS, Guías de NAC pediátrica (Bradley et al., Clin Infect Dis 2011)",,,
217,5,Pediatría,Respiratory Pneumonia,2,l5_pn3,,Diagnóstico,Hemocultivo en todo niño con NAC manejado de forma ambulatoria: Estudio necesario antes de iniciar el antibiótico.,Navarro: En la NAC no grave tratada en casa el hemocultivo no cambia la conducta. Se reserva para el niño hospitalizado con enfermedad moderada a grave o complicada.,"IDSA/PIDS, Guías de NAC pediátrica (Bradley et al., Clin Infect Dis 2011)",,,
218,2,Pediatría,Stats Tests,1,dx_1,,Estadistica Inf.,Chi-Cuadrada: Prueba de elección para comparar Medias de una variable continua entre 2 grupos.,Navarro: Para comparar medias de una variable continua entre 2 grupos se usa t de Student; la chi-cuadrada compara proporciones de variables categóricas.,Elección de prueba estadística por tipo de variable (cartas t de Student y Chi-Cuadrada del mismo mazo),,,
219,2,Pediatría,Stats Tests,1,dx_2,,Significancia,Valor p > 0.05: Demuestra que no existe diferencia entre los grupos.,Navarro: Un valor p no significativo solo indica que los datos no bastan para rechazar la hipótesis nula; no prueba que los grupos sean iguales.,ASA Statement on Statistical Significance and P-Values (2016),,,
220,2,Pediatría,Stats Tests,1,dx_3,,Error,Poder Estadístico: Se calcula como 1 - α (alfa).,Navarro: El poder es 1 - β: la probabilidad de detectar una diferencia que sí existe. Alfa es la probabilidad del error tipo I.,Definición de poder estadístico,,,
221,2,Pediatría,Stats Tests,1,dx_4,,Estadistica Inf.,U de Mann-Whitney: Prueba paramétrica que exige distribución normal de los datos.,Navarro: Mann-Whitney es no paramétrica: se usa precisamente cuando los datos no siguen una distribución normal.,Clasificación de pruebas paramétricas y no paramétricas,,,
222,6,Pediatría,Stats Tests,1,l6_st1,,Estadística,Correlación de Pearson para variables ordinales o sin distribución normal: Prueba habitual de asociación.,"Navarro: Con variables ordinales o distribución no normal se usa la correlación de Spearman, que trabaja con rangos.","Altman DG, Practical Statistics for Medical Research (1991)",,,
223,6,Pediatría,Stats Tests,1,l6_st2,,Estadística,Razón de momios cuyo intervalo de confianza al 95% incluye el 1: Indica asociación estadísticamente significativa.,"Navarro: Si el intervalo incluye el 1, el resultado es compatible con ausencia de asociación y no es significativo al nivel del 5%.","Altman DG, Practical Statistics for Medical Research (1991)",,,
224,6,Pediatría,Vac Catchup,1,l6_vc1,,Prevención,Reiniciar todo el esquema de hexavalente por el retraso: Se empieza de nuevo para garantizar la protección.,"Castillo: Un esquema retrasado no se reinicia. Se continúa donde quedó, sin repetir las dosis ya aplicadas.","CDC/ACIP, General Best Practice Guidelines for Immunization; OMS",,,
225,6,Pediatría,Vac Catchup,1,l6_vc2,,Prevención,SRP y varicela aplicadas en días distintos sin intervalo mínimo: Se pueden poner con cualquier separación.,"Castillo: Dos vacunas de virus vivos se aplican el mismo día o con al menos 4 semanas de separación, porque la primera puede interferir con la respuesta a la segunda.","CDC/ACIP, General Best Practice Guidelines for Immunization",,,
226,6,Psiquiatría,Dep Suicide,1,l6_ds1,,Seguridad,Contrato de no suicidio como medida de protección: Se firma antes de dar el alta.,Navarro: Los contratos de no suicidio no han demostrado reducir el riesgo y pueden dar una falsa seguridad.,"APA, Practice Guideline for the Assessment and Treatment of Patients with Suicidal Behaviors (2010)",,,
227,6,Psiquiatría,Dep Suicide,1,l6_ds2,,Entrevista,Evitar preguntar por suicidio para no inducirlo: Se espera a que el paciente lo mencione.,Navarro: Preguntar directamente no induce la conducta; abre la puerta para evaluar el plan y reduce la angustia.,"APA, Practice Guideline for the Assessment and Treatment of Patients with Suicidal Behaviors (2010); OMS mhGAP",,,
228,6,Psiquiatría,Dep Suicide,1,l6_ds3,Sí,Seguridad,Receta de antidepresivo por 3 meses al dar el alta: Garantiza el apego al tratamiento.,"Navarro: Con riesgo suicida se limita la cantidad de fármaco disponible, porque una dosis excesiva se vuelve un medio letal.","APA, Practice Guideline for the Assessment and Treatment of Patients with Suicidal Behaviors (2010)",,,
229,6,Psiquiatría,Dep Suicide,1,l6_ds4,Sí,Evaluacion,Escala SAD PERSONS como único criterio para decidir el alta: Un puntaje bajo permite el manejo ambulatorio.,"Navarro: Las escalas de riesgo no predicen bien el suicidio. La decisión se basa en la evaluación clínica completa, no en un puntaje.","NICE NG225, Self-harm: assessment, management and preventing recurrence (2022)",,,
230,6,Psiquiatría,Mania,1,l6_ma1,Sí,Tratamiento,Antidepresivo en monoterapia durante el episodio maníaco: Se añade para evitar el descenso posterior del ánimo.,Navarro: Un antidepresivo solo puede agravar la manía o inducir ciclado rápido. No se usa en monoterapia en el trastorno bipolar.,"CANMAT/ISBD, Guidelines for the Management of Patients with Bipolar Disorder (2018)",,,
231,6,Psiquiatría,Mania,1,l6_ma2,,Tratamiento,Valproato como primera elección en la mujer bipolar en edad fértil: Alternativa sin riesgo en el embarazo.,"Navarro: El valproato es teratogénico, con riesgo de defectos del tubo neural y deterioro del neurodesarrollo. En mujeres en edad fértil se evita.","CANMAT/ISBD, Guidelines for the Management of Patients with Bipolar Disorder (2018)",,,
232,6,Psiquiatría,Mania,1,l6_ma3,,Tratamiento,Antiinflamatorios no esteroideos para el dolor en el paciente con litio: Se combinan sin ajustar.,"Navarro: Los AINE y las tiazidas reducen la excreción renal del litio y elevan la litemia, con riesgo de toxicidad.","CANMAT/ISBD, Guidelines for the Management of Patients with Bipolar Disorder (2018)",,,
233,6,Psiquiatría,Nms Extreme,1,l6_nm_1,Sí,Tratamiento,Reiniciar el antipsicótico a las 24 horas de la mejoría: Se retoma para evitar la recaída psicótica.,"Navarro: Tras un síndrome neuroléptico maligno se espera al menos 2 semanas antes de reintroducir un antipsicótico, con una dosis baja y vigilancia estrecha.","APA, Practice Guideline for the Treatment of Patients with Schizophrenia (2020); Strawn et al., Am J Psychiatry (2007)",,,
234,6,Psiquiatría,Nms Extreme,1,l6_nm_2,,Tratamiento,Paracetamol como tratamiento de la hipertermia: Medida suficiente para bajar los 40.5 °C.,"Navarro: La hipertermia del síndrome neuroléptico maligno viene de la rigidez y del fallo dopaminérgico central, y los antipiréticos no la corrigen. Se enfría y se trata la causa.","Strawn et al., Neuroleptic malignant syndrome. Am J Psychiatry (2007)",,,
235,6,Psiquiatría,Psi Schizo,1,l6_ps_1,,Tratamiento,Clozapina como primera línea en el primer episodio: Es el antipsicótico más eficaz.,Navarro: La clozapina se reserva para la esquizofrenia resistente a dos antipsicóticos. Por sus riesgos no se usa en el primer episodio.,"APA, Practice Guideline for the Treatment of Patients with Schizophrenia (2020); NICE CG178",,,
236,6,Psiquiatría,Psi Schizo,1,l6_ps_2,,Tratamiento,Suspender el antipsicótico al remitir los síntomas del primer episodio: Se retira para evitar efectos adversos.,"Navarro: Tras un primer episodio se mantiene el antipsicótico de 1 a 2 años como mínimo, porque suspenderlo antes aumenta mucho la recaída.","APA, Practice Guideline for the Treatment of Patients with Schizophrenia (2020)",,,
237,6,Psiquiatría,Psi Schizo,1,l6_ps_3,Sí,Seguridad,Recuento de neutrófilos innecesario durante el tratamiento con clozapina: El riesgo de neutropenia es bajo.,"Navarro: La clozapina exige vigilar el recuento de neutrófilos de forma periódica, porque puede causar agranulocitosis grave.","APA, Practice Guideline for the Treatment of Patients with Schizophrenia (2020)",,,
